"labid","depths","X1","X2","X3","X4","X5","X6","X7","X8","X9","X10","X11","X12","X13","X14","X15","X16","X17","X18","X19","X20","X21","X22","X23","X24","X25","X26","X27","X28","X29","X30","X31","X32","X33","X34","X35","X36","X37","X38","X39","X40","X41","X42","X43","X44","X45","X46","X47","X48","X49","X50","X51","X52","X53","X54","X55","X56","X57","X58","X59","X60","X61","X62","X63","X64","X65","X66","X67","X68","X69","X70","X71","X72","X73","X74","X75","X76","X77","X78","X79","X80","X81","X82","X83","X84","X85","X86","X87","X88","X89","X90","X91","X92","X93","X94","X95","X96","X97","X98","X99","X100","X101","X102","X103","X104","X105","X106","X107","X108","X109","X110","X111","X112","X113","X114","X115","X116","X117","X118","X119","X120","X121","X122","X123","X124","X125","X126","X127","X128","X129","X130","X131","X132","X133","X134","X135","X136","X137","X138","X139","X140","X141","X142","X143","X144","X145","X146","X147","X148","X149","X150","X151","X152","X153","X154","X155","X156","X157","X158","X159","X160","X161","X162","X163","X164","X165","X166","X167","X168","X169","X170","X171","X172","X173","X174","X175","X176","X177","X178","X179","X180","X181","X182","X183","X184","X185","X186","X187","X188","X189","X190","X191","X192","X193","X194","X195","X196","X197","X198","X199","X200","X201","X202","X203","X204","X205","X206","X207","X208","X209","X210","X211","X212","X213","X214","X215","X216","X217","X218","X219","X220","X221","X222","X223","X224","X225","X226","X227","X228","X229","X230","X231","X232","X233","X234","X235","X236","X237","X238","X239","X240","X241","X242","X243","X244","X245","X246","X247","X248","X249","X250","X251","X252","X253","X254","X255","X256","X257","X258","X259","X260","X261","X262","X263","X264","X265","X266","X267","X268","X269","X270","X271","X272","X273","X274","X275","X276","X277","X278","X279","X280","X281","X282","X283","X284","X285","X286","X287","X288","X289","X290","X291","X292","X293","X294","X295","X296","X297","X298","X299","X300","X301","X302","X303","X304","X305","X306","X307","X308","X309","X310","X311","X312","X313","X314","X315","X316","X317","X318","X319","X320","X321","X322","X323","X324","X325","X326","X327","X328","X329","X330","X331","X332","X333","X334","X335","X336","X337","X338","X339","X340","X341","X342","X343","X344","X345","X346","X347","X348","X349","X350","X351","X352","X353","X354","X355","X356","X357","X358","X359","X360","X361","X362","X363","X364","X365","X366","X367","X368","X369","X370","X371","X372","X373","X374","X375","X376","X377","X378","X379","X380","X381","X382","X383","X384","X385","X386","X387","X388","X389","X390","X391","X392","X393","X394","X395","X396","X397","X398","X399","X400","X401","X402","X403","X404","X405","X406","X407","X408","X409","X410","X411","X412","X413","X414","X415","X416","X417","X418","X419","X420","X421","X422","X423","X424","X425","X426","X427","X428","X429","X430","X431","X432","X433","X434","X435","X436","X437","X438","X439","X440","X441","X442","X443","X444","X445","X446","X447","X448","X449","X450","X451","X452","X453","X454","X455","X456","X457","X458","X459","X460","X461","X462","X463","X464","X465","X466","X467","X468","X469","X470","X471","X472","X473","X474","X475","X476","X477","X478","X479","X480","X481","X482","X483","X484","X485","X486","X487","X488","X489","X490","X491","X492","X493","X494","X495","X496","X497","X498","X499","X500","X501","X502","X503","X504","X505","X506","X507","X508","X509","X510","X511","X512","X513","X514","X515","X516","X517","X518","X519","X520","X521","X522","X523","X524","X525","X526","X527","X528","X529","X530","X531","X532","X533","X534","X535","X536","X537","X538","X539","X540","X541","X542","X543","X544","X545","X546","X547","X548","X549","X550","X551","X552","X553","X554","X555","X556","X557","X558","X559","X560","X561","X562","X563","X564","X565","X566","X567","X568","X569","X570","X571","X572","X573","X574","X575","X576","X577","X578","X579","X580","X581","X582","X583","X584","X585","X586","X587","X588","X589","X590","X591","X592","X593","X594","X595","X596","X597","X598","X599","X600","X601","X602","X603","X604","X605","X606","X607","X608","X609","X610","X611","X612","X613","X614","X615","X616","X617","X618","X619","X620","X621","X622","X623","X624","X625","X626","X627","X628","X629","X630","X631","X632","X633","X634","X635","X636","X637","X638","X639","X640","X641","X642","X643","X644","X645","X646","X647","X648","X649","X650","X651","X652","X653","X654","X655","X656","X657","X658","X659","X660","X661","X662","X663","X664","X665","X666","X667","X668","X669","X670","X671","X672","X673","X674","X675","X676","X677","X678","X679","X680","X681","X682","X683","X684","X685","X686","X687","X688","X689","X690","X691","X692","X693","X694","X695","X696","X697","X698","X699","X700","X701","X702","X703","X704","X705","X706","X707","X708","X709","X710","X711","X712","X713","X714","X715","X716","X717","X718","X719","X720","X721","X722","X723","X724","X725","X726","X727","X728","X729","X730","X731","X732","X733","X734","X735","X736","X737","X738","X739","X740","X741","X742","X743","X744","X745","X746","X747","X748","X749","X750","X751","X752","X753","X754","X755","X756","X757","X758","X759","X760","X761","X762","X763","X764","X765","X766","X767","X768","X769","X770","X771","X772","X773","X774","X775","X776","X777","X778","X779","X780","X781","X782","X783","X784","X785","X786","X787","X788","X789","X790","X791","X792","X793","X794","X795","X796","X797","X798","X799","X800","X801","X802","X803","X804","X805","X806","X807","X808","X809","X810","X811","X812","X813","X814","X815","X816","X817","X818","X819","X820","X821","X822","X823","X824","X825","X826","X827","X828","X829","X830","X831","X832","X833","X834","X835","X836","X837","X838","X839","X840","X841","X842","X843","X844","X845","X846","X847","X848","X849","X850","X851","X852","X853","X854","X855","X856","X857","X858","X859","X860","X861","X862","X863","X864","X865","X866","X867","X868","X869","X870","X871","X872","X873","X874","X875","X876","X877","X878","X879","X880","X881","X882","X883","X884","X885","X886","X887","X888","X889","X890","X891","X892","X893","X894","X895","X896","X897","X898","X899","X900","X901","X902","X903","X904","X905","X906","X907","X908","X909","X910","X911","X912","X913","X914","X915","X916","X917","X918","X919","X920","X921","X922","X923","X924","X925","X926","X927","X928","X929","X930","X931","X932","X933","X934","X935","X936","X937","X938","X939","X940","X941","X942","X943","X944","X945","X946","X947","X948","X949","X950","X951","X952","X953","X954","X955","X956","X957","X958","X959","X960","X961","X962","X963","X964","X965","X966","X967","X968","X969","X970","X971","X972","X973","X974","X975","X976","X977","X978","X979","X980","X981","X982","X983","X984","X985","X986","X987","X988","X989","X990","X991","X992","X993","X994","X995","X996","X997","X998","X999","X1000"
4972,0.25,-18,-18,-18,-28,-24,-20,-21,-27,-24,-40,-28,-33,-44,-30,-31,-35,-37,-37,-49,-33,-33,-39,-48,-35,-37,-27,-27,-47,-41,-48,-42,-42,-42,-34,-42,-42,-40,-40,-50,-40,-45,-53,-42,-51,-50,-49,-55,-35,-56,-46,-53,-45,-30,-40,-55,-56,-49,-37,-40,-27,-27,-43,-44,-41,-37,-33,-60,-47,-47,-53,-56,-53,-55,-53,-45,-47,-38,-36,-40,-37,-46,-49,-50,-56,-37,-36,-36,-41,-61,-66,-51,-55,-32,-35,-34,-56,-55,-40,-38,-39,-28,-42,-40,-32,-42,-37,-28,-28,-40,-45,-21,-26,-30,-30,-28,-21,-21,-18,-24,-24,-36,-36,-46,-47,-51,-61,-56,-39,-45,-48,-66,-58,-48,-42,-38,-44,-47,-39,-39,-44,-43,-47,-44,-49,-39,-29,-24,-39,-29,-50,-38,-31,-38,-46,-38,-42,-46,-49,-58,-64,-52,-49,-48,-48,-53,-52,-36,-48,-45,-26,-45,-37,-22,-25,-24,-24,-27,-24,-24,-19,-21,-34,-26,-19,-17,-13,-13,-13,-16,-16,-35,-43,-43,-34,-33,-52,-39,-46,-45,-41,-51,-53,-63,-53,-44,-55,-47,-44,-30,-27,-30,-30,-34,-33,-28,-29,-40,-40,-38,-23,-30,-25,-38,-41,-42,-46,-43,-33,-50,-51,-42,-49,-47,-50,-35,-35,-41,-37,-37,-39,-32,-36,-31,-30,-40,-52,-57,-52,-46,-47,-46,-51,-51,-45,-50,-53,-49,-43,-49,-32,-32,-29,-29,-36,-37,-38,-30,-27,-31,-31,-29,-30,-37,-51,-41,-39,-32,-43,-37,-49,-39,-38,-38,-38,-39,-36,-38,-46,-40,-39,-33,-44,-51,-48,-49,-48,-44,-43,-62,-58,-59,-56,-42,-43,-41,-41,-46,-44,-36,-33,-37,-40,-41,-49,-57,-55,-45,-41,-31,-38,-30,-34,-28,-35,-26,-24,-26,-26,-34,-40,-38,-43,-41,-40,-39,-36,-32,-31,-36,-32,-25,-34,-37,-52,-54,-33,-36,-32,-30,-37,-36,-37,-30,-41,-34,-51,-34,-38,-38,-35,-34,-34,-56,-42,-43,-38,-46,-49,-48,-47,-53,-49,-49,-49,-50,-43,-43,-36,-44,-41,-43,-49,-42,-37,-40,-37,-46,-45,-40,-42,-41,-46,-54,-52,-51,-59,-57,-50,-56,-53,-48,-47,-37,-26,-32,-27,-32,-40,-30,-31,-34,-43,-27,-29,-33,-33,-27,-30,-30,-31,-30,-26,-24,-25,-30,-32,-30,-37,-37,-42,-39,-37,-34,-39,-31,-38,-38,-48,-41,-44,-57,-44,-44,-46,-54,-54,-57,-55,-40,-55,-52,-53,-46,-33,-40,-43,-44,-43,-40,-33,-33,-27,-27,-26,-29,-47,-47,-54,-46,-44,-45,-47,-47,-49,-38,-44,-48,-63,-47,-58,-43,-42,-33,-46,-46,-36,-39,-28,-33,-21,-26,-27,-27,-40,-43,-40,-37,-59,-43,-44,-59,-43,-48,-49,-49,-43,-46,-53,-57,-50,-56,-48,-48,-55,-44,-51,-53,-50,-33,-36,-33,-33,-32,-42,-42,-40,-35,-39,-45,-45,-41,-42,-32,-41,-40,-45,-44,-37,-49,-39,-33,-30,-24,-38,-29,-42,-42,-51,-57,-39,-41,-33,-39,-47,-49,-35,-47,-57,-56,-40,-49,-43,-49,-46,-46,-45,-31,-32,-29,-47,-38,-57,-50,-50,-37,-48,-45,-45,-48,-61,-45,-42,-42,-32,-45,-43,-39,-42,-43,-44,-53,-56,-56,-63,-41,-32,-40,-40,-35,-35,-23,-33,-28,-38,-59,-50,-44,-44,-28,-38,-18,-29,-24,-28,-30,-29,-17,-33,-43,-54,-39,-29,-45,-46,-42,-34,-37,-43,-53,-44,-26,-31,-31,-31,-26,-25,-32,-47,-38,-43,-39,-31,-23,-43,-60,-54,-41,-45,-38,-36,-40,-47,-37,-35,-27,-42,-44,-53,-45,-44,-38,-48,-37,-31,-33,-30,-37,-51,-41,-44,-39,-47,-51,-53,-57,-54,-53,-48,-47,-39,-49,-44,-44,-53,-55,-45,-42,-38,-42,-47,-56,-52,-56,-33,-48,-31,-46,-42,-37,-41,-44,-45,-38,-40,-43,-59,-45,-45,-32,-34,-44,-37,-36,-40,-41,-59,-41,-38,-37,-37,-36,-46,-42,-47,-57,-67,-41,-47,-50,-43,-44,-51,-58,-53,-52,-52,-35,-38,-35,-32,-29,-22,-20,-13,-13,-13,-13,-19,-32,-32,-29,-28,-45,-41,-47,-45,-45,-44,-48,-54,-45,-60,-62,-35,-41,-39,-36,-27,-42,-23,-21,-33,-34,-38,-36,-44,-40,-14,-15,-26,-20,-16,-21,-22,-23,-37,-47,-34,-42,-44,-34,-40,-34,-36,-42,-43,-58,-61,-54,-57,-42,-50,-61,-47,-47,-43,-46,-46,-55,-64,-60,-63,-58,-54,-54,-40,-43,-45,-43,-57,-44,-34,-26,-24,-16,-13,-14,-14,-24,-24,-20,-20,-20,-23,-23,-34,-25,-29,-29,-31,-30,-30,-30,-24,-23,-25,-26,-26,-24,-22,-22,-22,-22,-28,-36,-44,-55,-42,-48,-43,-41,-47,-41,-50,-37,-34,-32,-50,-43,-45,-46,-45,-40,-44,-42,-33,-45,-39,-41,-39,-48,-46,-49,-42,-42,-43,-39,-29,-31,-31,-30,-29,-34,-35,-29,-24,-34,-32,-27,-30,-45,-45,-44,-42,-49,-58,-34,-39,-36,-33,-40,-36,-31,-31,-51,-46,-46,-55,-34,-34,-25,-25,-39,-36,-51,-63,-37,-53,-44,-36,-36,-51,-44,-58,-43,-37,-48,-36,-40,-43,-49,-46,-46,-46,-37,-37,-52,-44,-57,-35,-43,-60,-69,-55,-57,-45,-41,-50,-49,-46,-53,-53,-57,-61,-50,-27,-34,-56,-33,-38,-42,-45,-54,-49,-58,-48,-44,-36,-45,-39,-45,-50,-40,-17,-20,-32,-35,-37,-33,-37,-38,-25,-34,-39,-32,-33,-38,-57,-44,-44
4973,3.25,-13,-14,-11,-7,-17,-19,-12,-19,-19,-20,-24,-26,-30,-25,-23,-21,-28,-32,-33,-26,-24,-31,-31,-30,-26,-21,-25,-35,-34,-37,-31,-34,-39,-32,-31,-38,-33,-38,-43,-36,-34,-29,-37,-38,-37,-36,-30,-28,-44,-40,-34,-28,-32,-23,-38,-45,-46,-28,-35,-23,-19,-32,-40,-24,-31,-31,-42,-42,-37,-47,-51,-45,-41,-48,-38,-35,-30,-33,-28,-33,-31,-45,-46,-40,-31,-24,-33,-29,-40,-47,-46,-43,-22,-24,-31,-45,-42,-26,-26,-28,-24,-38,-26,-16,-30,-27,-24,-26,-31,-35,-18,-20,-24,-24,-25,-17,-15,-12,-18,-19,-32,-28,-43,-40,-42,-40,-42,-36,-32,-36,-59,-53,-35,-38,-33,-40,-39,-34,-36,-37,-40,-40,-40,-39,-32,-20,-15,-20,-39,-41,-28,-29,-33,-31,-31,-36,-35,-37,-52,-45,-46,-47,-42,-42,-44,-47,-26,-44,-35,-24,-28,-22,-13,-16,-14,-13,-21,-22,-21,-16,-17,-25,-21,-13,-7,-11,-10,-11,-10,-13,-28,-39,-40,-28,-26,-36,-36,-40,-37,-34,-42,-41,-46,-34,-42,-49,-38,-38,-25,-17,-28,-27,-26,-13,-21,-21,-28,-32,-35,-19,-24,-23,-32,-23,-36,-29,-29,-22,-38,-32,-40,-39,-45,-28,-28,-25,-35,-31,-24,-36,-29,-32,-26,-38,-31,-49,-47,-45,-41,-42,-35,-45,-44,-42,-47,-40,-33,-36,-38,-29,-26,-24,-19,-26,-27,-34,-21,-25,-24,-21,-16,-22,-22,-27,-32,-36,-21,-26,-30,-38,-35,-44,-35,-30,-29,-31,-36,-40,-34,-38,-30,-25,-48,-47,-39,-42,-36,-38,-49,-53,-49,-34,-37,-32,-32,-33,-34,-34,-15,-27,-29,-48,-36,-40,-50,-43,-39,-20,-20,-28,-26,-27,-22,-26,-24,-19,-23,-21,-22,-36,-25,-33,-31,-34,-34,-31,-28,-26,-24,-23,-22,-24,-30,-41,-24,-24,-32,-28,-24,-22,-27,-31,-36,-34,-31,-25,-32,-29,-30,-20,-32,-24,-27,-38,-34,-47,-41,-45,-41,-37,-51,-40,-32,-42,-28,-39,-37,-47,-41,-37,-39,-38,-34,-25,-35,-34,-36,-39,-35,-36,-40,-41,-44,-37,-40,-49,-48,-43,-43,-41,-40,-40,-32,-19,-23,-24,-29,-14,-19,-20,-26,-34,-22,-23,-23,-25,-24,-27,-27,-23,-15,-16,-21,-21,-26,-27,-28,-36,-33,-33,-37,-26,-40,-33,-24,-30,-28,-55,-32,-35,-49,-35,-33,-31,-42,-47,-38,-46,-37,-34,-41,-40,-41,-28,-33,-34,-22,-29,-28,-30,-19,-23,-25,-25,-25,-37,-37,-40,-31,-36,-42,-37,-39,-45,-32,-39,-41,-39,-45,-43,-39,-33,-30,-26,-39,-33,-32,-21,-27,-19,-21,-20,-18,-36,-38,-36,-23,-22,-39,-41,-47,-33,-45,-44,-36,-37,-56,-47,-54,-47,-53,-43,-41,-44,-38,-38,-39,-27,-27,-31,-26,-27,-24,-36,-32,-31,-32,-35,-34,-35,-27,-18,-29,-38,-35,-28,-35,-34,-37,-22,-22,-19,-14,-18,-23,-35,-40,-40,-46,-36,-32,-41,-34,-38,-40,-41,-37,-49,-46,-33,-37,-40,-45,-32,-23,-27,-27,-21,-24,-36,-34,-46,-46,-43,-31,-38,-41,-44,-43,-55,-36,-34,-34,-27,-34,-33,-36,-23,-28,-30,-43,-43,-53,-20,-24,-25,-30,-29,-32,-33,-33,-27,-18,-32,-48,-40,-37,-33,-26,-25,-14,-14,-15,-11,-24,-13,-36,-36,-29,-35,-31,-27,-21,-31,-33,-26,-35,-41,-30,-34,-23,-25,-25,-22,-19,-18,-23,-31,-30,-18,-25,-24,-19,-27,-37,-33,-33,-32,-30,-33,-22,-40,-31,-28,-31,-38,-40,-30,-36,-30,-43,-43,-34,-26,-25,-25,-34,-42,-36,-36,-47,-40,-39,-49,-48,-47,-38,-39,-42,-54,-44,-47,-42,-47,-48,-53,-35,-26,-35,-37,-51,-34,-19,-21,-23,-18,-40,-34,-32,-32,-34,-34,-33,-34,-35,-44,-39,-41,-15,-32,-23,-31,-30,-37,-38,-38,-36,-33,-27,-25,-31,-36,-33,-28,-48,-53,-39,-42,-44,-36,-43,-41,-41,-40,-41,-38,-28,-27,-31,-27,-16,-19,-15,-10,-10,-11,-8,-14,-20,-16,-24,-24,-35,-36,-34,-34,-35,-48,-46,-47,-37,-34,-37,-30,-37,-33,-20,-19,-32,-19,-13,-29,-27,-33,-27,-27,-23,-7,-12,-20,-15,-14,-12,-13,-32,-30,-30,-24,-31,-37,-31,-21,-29,-22,-33,-33,-52,-51,-48,-38,-35,-36,-35,-43,-44,-32,-42,-43,-40,-41,-55,-59,-49,-47,-37,-37,-33,-28,-38,-36,-41,-18,-21,-15,-10,-5,-10,-12,-14,-15,-14,-15,-18,-15,-19,-27,-22,-24,-26,-26,-25,-26,-24,-17,-17,-23,-19,-14,-14,-17,-19,-20,-18,-23,-34,-21,-31,-23,-32,-34,-32,-33,-39,-30,-23,-22,-28,-31,-34,-40,-43,-42,-27,-39,-30,-30,-33,-36,-34,-31,-43,-42,-38,-40,-37,-41,-34,-26,-27,-26,-28,-24,-30,-32,-27,-21,-24,-25,-22,-27,-27,-40,-39,-39,-43,-53,-27,-29,-29,-25,-31,-25,-23,-30,-41,-39,-37,-41,-25,-25,-16,-9,-18,-29,-36,-41,-35,-41,-37,-32,-30,-35,-39,-47,-61,-30,-28,-32,-37,-40,-32,-39,-44,-41,-26,-19,-29,-30,-22,-32,-37,-37,-51,-41,-45,-40,-51,-44,-33,-42,-49,-43,-46,-51,-30,-34,-25,-31,-24,-29,-31,-32,-44,-40,-36,-28,-28,-29,-29,-29,-33,-39,-25,-34,-18,-22,-31,-31,-28,-25,-17,-17,-21,-25,-26,-28,-27,-37,-35,-41
4974,5.75,-10,-3,-3,-4,-8,-12,-6,-16,-16,-14,-6,-21,-25,-18,-18,-12,-25,-21,-28,-14,-22,-24,-28,-25,-19,-18,-21,-21,-27,-28,-23,-28,-28,-24,-26,-29,-37,-31,-39,-28,-26,-46,-32,-30,-33,-33,-21,-25,-27,-36,-22,-27,-26,-32,-32,-32,-31,-25,-22,-15,-23,-29,-27,-35,-24,-20,-33,-32,-32,-32,-33,-40,-33,-32,-22,-18,-25,-22,-23,-25,-25,-23,-34,-32,-28,-22,-25,-28,-49,-41,-35,-37,-20,-18,-23,-22,-25,-30,-23,-23,-21,-27,-19,-27,-24,-18,-20,-17,-20,-20,-17,-15,-22,-15,-19,-13,-12,-10,-5,-16,-20,-25,-38,-34,-29,-38,-33,-30,-25,-34,-50,-42,-43,-29,-28,-32,-35,-30,-32,-35,-36,-36,-18,-32,-27,-15,-7,-13,-22,-16,-11,-23,-20,-32,-28,-24,-40,-38,-35,-41,-42,-42,-38,-28,-28,-28,-22,-31,-22,-15,-20,-9,-4,-12,-13,-20,-15,-19,-9,-14,-15,-18,-12,-2,-4,-7,-8,-3,-9,-10,-26,-30,-32,-26,-24,-28,-28,-30,-34,-29,-33,-33,-36,-19,-21,-40,-41,-24,-12,-9,-24,-21,-14,-11,-13,-14,-22,-27,-34,-10,-17,-18,-23,-20,-30,-25,-19,-23,-30,-23,-35,-28,-36,-38,-23,-21,-23,-23,-30,-34,-20,-22,-24,-25,-27,-32,-38,-38,-39,-33,-40,-36,-36,-26,-35,-35,-39,-17,-33,-23,-23,-14,-24,-21,-17,-11,-12,-10,-18,-9,-4,-1,-17,-17,-23,-30,-19,-19,-28,-24,-27,-28,-27,-26,-27,-27,-21,-23,-18,-12,-21,-20,-40,-33,-31,-34,-38,-34,-42,-41,-36,-29,-27,-29,-24,-18,-19,-24,-24,-14,-21,-30,-30,-27,-31,-40,-32,-15,-17,-23,-24,-19,-12,-14,-18,-15,-17,-17,-19,-28,-31,-28,-28,-23,-17,-27,-15,-20,-18,-14,-20,-20,-16,-33,-9,-16,-10,-23,-15,-17,-35,-26,-24,-19,-26,-34,-27,-23,-25,-18,-19,-22,-23,-31,-32,-32,-37,-43,-36,-33,-36,-37,-22,-18,-26,-34,-31,-26,-31,-22,-28,-31,-31,-14,-23,-27,-33,-31,-28,-23,-36,-34,-34,-43,-37,-41,-37,-35,-25,-23,-15,-38,-29,-15,-18,-9,-11,-19,-15,-16,-24,-22,-18,-19,-19,-10,-18,-19,-21,-12,-27,-13,-18,-18,-17,-22,-23,-34,-28,-25,-26,-13,-18,-25,-15,-21,-13,-22,-25,-28,-42,-31,-32,-38,-32,-29,-31,-26,-35,-43,-37,-31,-25,-21,-18,-30,-32,-36,-21,-15,-28,-21,-17,-20,-26,-28,-27,-24,-19,-25,-28,-27,-18,-36,-21,-32,-35,-30,-30,-36,-29,-25,-28,-29,-5,-18,-20,-16,-16,-17,-13,-14,-14,-17,-26,-30,-10,-20,-21,-33,-16,-22,-22,-26,-30,-34,-27,-38,-39,-40,-31,-25,-31,-31,-34,-37,-26,-23,-23,-21,-19,-24,-22,-14,-20,-21,-11,-25,-22,-10,-23,-24,-26,-31,-28,-17,-26,-26,-17,-17,-19,-13,-12,-17,-20,-25,-23,-44,-35,-24,-23,-23,-30,-34,-31,-24,-30,-42,-28,-22,-28,-24,-34,-21,-20,-17,-23,-13,-15,-21,-19,-22,-14,-34,-29,-35,-36,-40,-30,-43,-30,-18,-14,-24,-30,-21,-26,-15,-19,-40,-39,-32,-49,-31,-21,-14,-25,-23,-24,-19,-18,-23,-14,-27,-34,-33,-21,-13,-10,-8,-7,-12,-22,-2,-14,-3,-4,-27,-14,-10,-26,-21,-18,-22,-21,-24,-23,-33,-46,-22,-9,-20,-21,-19,-17,-15,-19,-28,-21,-9,-18,-21,-16,-24,-35,-41,-21,-17,-20,-12,-19,-29,-22,-25,-24,-31,-28,-22,-32,-37,-30,-21,-23,-19,-21,-17,-27,-29,-30,-28,-29,-31,-33,-32,-24,-43,-30,-24,-37,-34,-32,-42,-38,-30,-24,-31,-27,-22,-30,-31,-31,-25,-46,-24,-27,-15,-28,-23,-24,-26,-30,-38,-36,-31,-29,-31,-31,-38,-26,-29,-15,-24,-22,-28,-25,-42,-30,-20,-23,-20,-26,-30,-31,-40,-39,-46,-34,-36,-34,-27,-32,-33,-24,-37,-33,-29,-25,-18,-21,-14,-13,-17,-10,0,-4,-9,-4,-7,-14,-26,-17,-19,-16,-24,-22,-29,-29,-28,-21,-29,-35,-30,-26,-26,-13,-19,-7,0,-21,-12,-11,-17,-22,-27,-21,-5,-7,-5,-5,-5,-11,-7,-5,-2,-14,-14,-19,-19,-19,-29,-18,-16,-21,-28,-28,-21,-34,-42,-41,-23,-28,-34,-30,-29,-38,-28,-36,-28,-30,-34,-49,-34,-37,-41,-33,-22,-25,-23,-36,-30,-33,-14,-15,-7,-5,-9,-4,-8,-10,-7,-11,-7,-16,-19,-13,-21,-9,-17,-19,-22,-17,-22,-14,-10,-11,-17,-12,-10,-18,-12,-17,-18,-14,-20,-29,-36,-21,-33,-39,-16,-25,-16,-14,-20,-20,-19,-23,-26,-29,-34,-32,-33,-17,-29,-23,-23,-24,-33,-19,-27,-20,-38,-41,-35,-34,-34,-28,-21,-25,-17,-24,-22,-25,-20,-13,-15,-18,-20,-18,-11,-18,-35,-30,-34,-31,-37,-17,-21,-22,-20,-20,-9,-19,-13,-25,-30,-16,-25,-21,-18,-12,3,-14,-21,-19,-11,-25,-33,-19,-25,-33,-32,-34,-42,-32,-25,-18,-26,-29,-30,-41,-34,-30,-27,-18,-14,-24,-28,-25,-29,-31,-43,-38,-37,-38,-29,-32,-26,-41,-39,-32,-35,-23,-33,-27,-14,-21,-11,-26,-27,-28,-27,-28,-30,-23,-22,-31,-27,-26,-24,-9,-19,-10,-9,6,-17,-29,-24,-23,-18,-29,-12,-10,-22,-16,-23,-19,-28,-29,-36
4975,7.75,-3,-8,1,0,-4,-7,-10,-12,-6,-3,-19,-4,-18,-15,-11,-8,-19,-29,-24,-5,-14,-22,-25,-13,-14,-9,-10,-15,-9,-19,-11,-15,-20,-29,-22,-23,-29,-28,-20,-16,-19,-20,-23,-16,-25,-15,-16,-22,-22,-17,-16,-22,-21,-18,-26,-26,-21,-17,-12,-12,-13,-28,-21,-16,-13,-27,-26,-28,-34,-36,-30,-27,-25,-29,-19,-13,-17,-13,-16,-30,-21,-21,-43,-23,-18,-18,-23,-19,-24,-26,-11,-14,-17,-16,-20,-18,-12,-21,-17,-14,-19,-25,-13,-13,-12,-14,-13,-15,-14,-7,-6,-11,-19,-11,-8,-7,3,-7,-10,-14,-14,-11,-29,-28,-12,-30,-24,-25,-18,-32,-43,-39,-25,-20,-21,-24,-31,-25,-25,-15,-19,-26,-21,-29,-16,-2,-11,-3,-10,-11,-21,-18,-25,-24,-23,-14,-31,-35,-46,-34,-40,-35,-22,-9,-19,-19,-17,-12,-14,-8,-13,-5,-9,-5,-10,-7,-9,-16,-7,-11,-10,-7,-9,-11,0,11,-3,-1,-6,-8,-7,-25,-26,-22,-22,-17,-31,-24,-27,-22,-29,-25,-22,-30,-16,-19,-18,-6,-2,-15,-16,-19,-8,-7,-5,-7,-24,-12,-5,-7,-14,-12,-16,-21,-5,-19,-11,-18,-22,-18,-28,-24,-20,-14,-16,-17,-13,-17,-14,-12,-24,-19,-16,-21,-20,-42,-26,-20,-25,-29,-30,-26,-28,-30,-29,-28,-23,-26,-21,-18,-9,-11,-4,-11,-24,-26,-7,-6,-6,-1,-2,-17,-2,-15,-16,-23,-17,-15,-20,-9,-13,-22,-32,-22,-18,-20,-13,-15,-9,-22,-16,-18,-29,-26,-22,-27,-31,-31,-37,-25,-30,-24,-21,-13,-16,-23,-26,-3,-9,-11,-16,-17,-24,-32,-27,-33,-34,-17,-14,-15,-20,-13,-14,-17,-10,-10,-21,-12,-14,-12,-20,-18,-16,-19,-23,-18,-25,-15,-12,-1,-17,-10,-21,-20,-19,-11,-18,-12,-18,-8,-20,-10,-12,-16,-23,-21,-23,-19,-21,-15,-16,-20,-16,-29,-31,-36,-34,-41,-26,-29,-29,-25,-25,-23,-19,-18,-5,-20,-16,-27,-22,-23,-14,-22,-19,-31,-25,-27,-22,-26,-15,-30,-27,-29,-32,-34,-25,-25,-26,-18,-30,-36,-11,-11,-9,-11,-2,-2,-14,-10,-12,-17,-15,-16,-16,-18,-22,-17,-7,-9,-4,-2,-14,-13,-11,-12,-21,-18,-11,-29,-22,-20,-14,-21,-13,-18,-22,-28,-19,-24,-37,-20,-23,-23,-19,-35,-24,-35,-31,-30,-11,-20,-7,-16,-25,-27,-19,-13,-9,-3,-13,-9,-20,-18,-15,-19,-6,-19,-28,-28,-25,-23,-23,-32,-18,-30,-26,-24,-38,-27,-25,-19,-25,-17,-28,-10,-27,-8,-12,-15,-2,-8,-9,-13,-31,-25,-18,-9,-14,-2,-8,-19,-26,-22,-10,-19,-18,-29,-34,-35,-26,-19,-9,-28,-26,-29,-23,-19,-19,-19,-12,-16,-17,-23,-15,-12,-16,-16,-9,-7,-1,-14,-19,-27,-22,-14,-21,-3,-6,-10,-15,-10,-8,-9,-17,-20,-38,-34,-32,-21,-19,-18,-18,-24,-33,-18,-10,-31,-18,-15,-22,-35,-24,-17,-15,-15,-5,-4,-17,-15,-23,-19,-40,-25,-18,-27,-31,-30,-25,-34,-17,-26,-23,-21,-19,-17,-20,-10,-22,-24,-20,-19,-28,-18,-17,-10,-27,-19,-30,-12,-11,-17,-10,-11,-22,-24,-16,-11,7,4,-3,-8,-12,-9,-7,4,3,-14,-22,-6,-14,-19,-14,-13,-27,-22,-16,-15,-19,-17,-18,-5,-13,-15,-7,-11,-11,-8,-16,-14,-14,-6,-13,-10,-3,-4,-14,-12,-13,-20,-17,-11,-19,-11,-21,-13,-5,-17,-19,-13,-3,-8,-18,-15,-4,-21,-24,-25,-25,-24,-22,-24,-29,-26,-37,-16,-24,-31,-33,-28,-18,-38,-30,-26,-43,-24,-4,-11,-24,-26,-17,-21,-13,-13,-17,-12,-8,-12,-8,-24,-28,-29,-30,-28,-24,-23,-24,-22,-7,-5,-9,-14,-18,-13,-15,-29,-24,-12,-6,-14,-12,-21,-23,-17,-17,-19,-32,-32,-29,-21,-22,-23,-30,-10,-15,-22,-15,-8,-18,-18,-8,-10,1,-4,-6,-6,-2,-4,-6,-4,-11,-5,-25,-19,-18,-23,-14,-19,-27,-25,-31,-27,-20,-22,-19,-14,-4,-12,-7,-9,-8,-15,-11,-23,-10,-19,-2,-3,-10,-2,-6,1,10,2,-5,-11,-12,-6,-11,-14,-12,-11,-18,1,-12,-19,-26,-20,-33,-32,-26,-31,-10,-40,-30,-16,-27,-25,-26,-25,-15,-29,-34,-26,-19,-33,-15,-10,-20,-27,-17,-15,-11,0,-2,-2,-7,-4,4,-2,-4,1,-14,-8,-9,-12,-19,-11,-17,-7,-13,-9,-9,-5,-5,-5,-7,-6,-8,-8,-10,-13,-10,-18,-15,-18,-12,-10,-2,-31,-18,-22,-19,-16,-14,-15,-21,-21,-14,-16,-16,-14,-12,-19,-19,-19,-19,-14,-13,-18,-35,-28,-25,-28,-29,-27,-20,-13,-11,-15,-5,-17,-21,-16,-17,-11,-13,-14,-9,-16,-11,-22,-20,-31,-24,-30,-10,-16,-17,-15,-15,-6,-9,-22,-31,-23,-13,-10,-10,-12,-7,-4,-12,-16,-12,-27,-32,-10,-12,-12,-10,-18,-17,-31,-27,-12,-4,-19,-14,-26,-24,-21,-16,-13,-14,-9,-19,-17,-21,-13,-22,-34,-48,-28,-24,-20,-17,-38,-28,-20,-25,-29,-37,-27,-25,-9,-15,-18,-11,-14,-20,-19,-26,-32,-29,-8,-11,-10,-5,-17,-16,-3,-20,-6,-12,-14,-25,-9,-17,-22,-8,-10,-6,-11,-11,-19,-11,-13,-13,-27
4976,9.75,-1,1,6,2,0,-2,-4,-5,2,11,9,-10,-23,-3,-7,-2,-15,-13,-13,0,-18,-13,-11,1,-2,2,2,-14,-3,-11,-18,-9,-10,-17,-16,-17,-25,-25,-6,-7,-16,-12,-4,-14,-15,-18,-13,-13,-12,-23,-11,-19,-15,-14,-8,-11,-24,-13,-8,-2,-4,-20,-14,-9,-10,-15,-10,-20,-16,-22,-20,-18,-17,-6,-12,-9,-11,-7,-4,-16,-14,-15,-20,-20,-14,-12,-12,-25,-19,-17,-7,-11,-11,-10,-6,-2,-10,-8,-4,-12,-11,0,-1,-3,-9,-10,-17,-10,-9,-11,-11,-7,-3,-6,-4,1,-6,5,0,-7,-6,-8,-6,-15,-24,-26,-14,-14,-10,-19,-41,-20,-15,-5,-10,-19,-24,-17,-14,-21,-10,-15,-11,-25,-4,3,1,2,-3,-8,-8,-10,-12,-20,-12,-6,-14,-27,-21,-17,-33,-18,-11,-3,-6,3,-12,-3,-5,4,0,3,0,-2,5,-2,-6,-13,-6,-8,-8,5,11,1,2,2,1,5,-4,-5,-1,-20,-16,-16,-20,-11,-7,-17,-9,-18,-15,-19,-17,-14,-8,-22,-34,-12,6,1,-20,-6,7,1,0,-3,-19,-19,-31,9,-9,-3,-9,-15,-26,1,-3,2,-16,-14,-19,-14,-16,-23,-13,-11,-11,-8,-10,-19,-16,-14,-21,-4,-4,-13,-12,-11,-18,-25,-21,-18,-18,-16,-22,-15,-12,0,-7,-8,-12,6,0,7,-1,-6,6,1,1,3,0,2,-9,-11,-5,-9,-5,-1,-9,-14,-23,-12,-8,-2,-13,-16,-1,-1,0,-6,-13,-12,-3,-3,-16,-23,-17,-29,-33,-21,-23,-17,-11,-4,-9,-4,-7,-18,0,-10,-10,-10,-16,-19,-17,-21,-30,-12,-10,-6,-16,-10,-10,-10,-8,-5,-11,-8,-9,-6,-9,-2,-10,-13,-10,-9,-8,-2,-4,-9,-1,-7,-9,-29,-6,2,5,-11,-13,-1,7,-15,-6,-8,0,-19,-19,-9,-5,-12,0,-6,-14,-25,-22,-13,-24,-31,-16,-21,-34,-19,-13,-16,-15,-28,-23,-15,-21,-16,-15,-19,-23,-11,-11,-14,-30,-22,-11,-17,-32,-25,-23,-24,-28,-17,-20,-18,-13,-7,-12,-14,-7,-4,-4,0,-7,0,-6,-6,13,-6,-8,-15,-9,-8,-10,0,-15,3,-13,-4,-12,-6,-6,-3,-18,-12,-23,-2,-7,-8,-8,-20,-9,-13,-2,-9,-15,-16,-23,-23,-26,-20,-14,-20,-8,-19,-28,-28,-8,-13,-14,-9,-11,-24,-13,-12,0,-11,-5,-5,-14,-13,-10,-6,-16,-9,4,-16,-22,-14,-12,-6,-9,-19,-7,-17,-12,-9,-19,-10,-12,-10,2,-3,-5,2,-3,0,-10,-4,-6,-3,-6,-10,-5,-12,-11,-6,0,-10,-12,-7,-28,-15,-15,-11,-17,-30,-11,-7,-26,-24,-24,-18,-9,-16,-14,-13,-5,-20,-13,-12,-2,-10,-1,-5,-13,23,9,5,-6,-20,-14,-10,-13,-21,-10,1,-10,-5,-1,-15,-19,-18,-21,-20,-16,-19,-11,-9,-3,-13,-24,-15,-24,-19,-9,-9,-17,-14,-12,-5,-8,-10,-1,3,5,-3,-11,0,-8,-15,-14,-24,-25,-6,-19,-29,-11,-11,-9,-2,-7,-11,-15,-6,-11,-13,-10,0,-18,-12,-10,-12,-6,-11,-13,-2,-9,-3,-6,-13,-14,4,-11,0,-7,-1,6,4,-7,0,1,8,14,-8,-8,5,-1,-9,-4,-6,-14,-2,-4,-11,2,-11,-5,-9,-7,-6,-10,-3,-8,-4,8,-7,-3,-12,-4,-7,-7,-1,-7,-6,-7,-7,-15,-8,-8,-9,-10,-6,-9,-13,0,-11,-8,-17,-11,-9,3,-14,-10,-19,-18,-18,-13,-20,-13,-22,-17,-26,-16,-8,-29,-17,-14,-15,-25,-14,-17,-12,-12,-15,-12,-20,-21,-4,-16,-8,-10,-4,-19,-9,-5,-19,-23,-17,-29,-22,-18,-17,-6,-17,1,-22,-5,-10,-14,-18,-6,-21,-12,8,3,-9,-10,-11,-18,-8,-10,-10,-27,-17,-15,-10,-10,-8,-11,-31,-5,-15,-18,-16,-9,-7,-4,10,-4,5,0,3,2,11,-1,-1,1,-8,-8,-7,-10,-5,4,-14,-7,-20,-23,-22,-13,-8,-7,-5,4,2,2,-6,-6,6,-15,-20,-6,5,3,-2,-1,1,1,9,-1,14,2,3,-7,-10,-5,-9,-9,-5,0,-12,-5,-14,-8,-31,-23,-17,-11,-12,-25,-26,-18,-23,-21,-22,4,-11,-31,-21,-26,-36,-23,-17,-12,-13,-15,-1,-4,-11,-1,-1,6,2,0,6,10,7,3,3,8,-3,-5,0,-5,6,-5,-16,-2,-6,-1,7,2,-2,0,-4,-11,-3,-5,-15,-5,-11,-25,-11,-5,-4,-7,5,-6,-14,-9,-12,-5,2,-10,-14,-7,-22,1,-8,-7,-10,-7,-7,-12,-22,-5,-24,-9,-22,-33,-18,-20,-21,-23,-7,-22,-10,-16,-13,-18,-13,-8,-5,-2,-9,-6,-5,-2,-15,-14,-29,-16,-5,-14,-11,-9,-13,-7,-2,-5,-4,-8,-16,-10,-2,-6,-4,7,5,11,0,1,-8,-19,-7,-5,-16,-6,-24,-3,-3,-15,-16,-13,-9,-8,-17,-14,-11,-13,-6,2,-6,-10,-6,-19,-18,-15,-23,-35,-19,-13,-14,-15,-19,-14,-22,-20,-18,-3,-8,-16,-3,-12,-5,-14,-11,-3,-11,-20,-28,3,-17,4,1,2,2,-4,-14,-7,7,10,14,-13,-15,-9,-3,0,-2,1,1,-4,7,4,-9,-24,-20
4977,11.25,4,13,12,9,4,2,-1,7,12,2,1,-1,7,-13,4,-7,-10,-8,-3,8,-8,-1,4,-8,-5,-6,-8,7,3,4,-6,-13,-15,-22,-19,-15,-11,-16,-2,1,-2,-8,4,-9,-8,-11,-2,-8,-6,-15,-9,-13,-11,-10,-11,-21,-4,0,-2,4,-2,-4,-6,3,-7,-10,-19,-10,-29,-10,-27,-16,-7,-12,5,-3,-1,-1,-9,-19,-2,-6,-7,-14,-8,-14,-19,-17,-12,-14,-5,-3,-14,-2,-2,11,5,-3,-15,-7,-5,-3,4,5,5,-3,3,-7,-3,-3,2,5,-10,5,4,6,5,-5,-2,-2,-1,-2,-13,0,-20,-11,-10,7,-6,-27,-28,-31,-6,4,3,-2,-1,-12,-17,-8,-17,-10,-8,2,3,10,5,10,5,1,-2,10,8,5,-1,2,-7,-22,-18,-12,-26,-3,-17,15,16,-13,4,4,5,11,4,-2,6,2,1,5,15,-3,0,-2,10,0,9,6,5,4,8,3,0,-2,2,-15,-13,-6,-16,4,-21,-11,-6,-13,-19,-14,-12,-1,-4,-11,-1,5,3,8,1,1,-4,-5,5,3,8,-9,2,1,-7,-8,-4,-11,3,-15,0,-11,-8,-4,-6,2,-6,-4,-1,-6,-7,-9,-6,-7,-4,-8,-10,-18,-13,-3,-9,-8,-15,-18,-17,-11,-12,-8,-6,-9,11,2,-3,3,1,-2,16,-3,4,2,2,3,4,6,5,12,2,6,4,-1,-3,-8,-4,1,-8,-7,-16,-18,-1,4,7,2,6,-3,-3,-5,-13,-5,-6,-10,-28,-27,-23,-10,-17,-14,-5,-10,-2,-13,1,6,5,9,-3,-7,0,0,-10,-9,-3,-6,-2,-10,-7,-3,2,-7,-5,-8,3,-1,5,-9,0,3,1,-4,-3,-3,-4,-11,4,9,-14,-1,-2,1,7,-8,10,-8,-3,5,-13,-6,7,4,-17,-14,6,-16,1,4,-11,11,-11,-3,-10,-28,-21,-29,-11,-15,-15,-8,-10,-14,-17,-11,-14,-11,-12,1,-9,-5,-8,-6,-6,-12,-11,-10,-17,0,-10,-20,-16,-20,-8,-2,-12,15,-7,2,-13,4,-4,-1,7,2,0,2,7,4,-3,-9,18,-12,12,6,7,11,3,-5,-2,6,-1,-9,-3,-9,-10,-4,-8,-17,-11,-1,10,8,-6,1,-10,4,-1,-10,-17,-1,-20,-14,-4,-5,-16,-16,-22,-8,-5,-7,-1,-14,-8,-12,-6,-3,-4,4,-1,-2,-4,-8,-3,3,-2,0,-12,-12,-19,-2,-10,-20,-15,-11,-19,-12,-23,-21,-17,4,-8,-3,13,-1,2,-1,6,2,6,2,-3,-8,12,3,12,-6,1,6,-5,3,1,-11,-7,-5,-9,-20,-14,-2,-17,0,-7,-14,7,4,-7,-8,-5,-2,-9,-8,-2,2,1,-6,9,-3,-5,-4,16,11,-15,-9,5,1,-8,2,-2,4,-3,-2,-2,-4,-16,-8,-14,-13,-12,-6,-9,-13,-11,-7,-5,-3,7,-6,-15,-4,-15,-17,2,-1,-12,-1,2,7,-10,-10,-7,6,-6,-9,-7,-19,-12,-13,-10,12,8,0,-6,3,1,0,-7,0,-12,-11,5,3,11,-10,-1,-6,7,-8,-8,7,10,5,0,0,9,-19,-2,14,11,14,-1,7,-4,15,12,11,7,2,18,-2,-8,-11,-7,-2,-11,-17,5,-4,6,-1,-3,-3,-3,5,-2,2,2,-2,0,-3,-1,8,-7,0,1,11,-3,9,1,1,-13,-4,-5,-3,2,-1,2,-7,-13,-8,10,-2,3,12,-13,0,-19,-14,-11,-12,-18,-10,-21,-15,1,-6,1,-5,-16,-12,-5,-31,-13,-21,-1,5,-1,-6,2,-5,-7,-18,-4,3,4,-1,2,1,9,-6,-12,-10,-24,-18,-2,-1,-14,-7,6,7,10,2,-4,-2,1,-8,-7,-2,14,-1,4,-15,-13,6,5,-7,-19,7,-10,-3,-2,-12,-6,3,8,-7,-8,-2,1,-3,-1,6,18,2,3,0,5,7,7,5,5,-3,-11,-4,-5,-3,-7,-8,0,-4,-4,-6,-5,3,-1,9,-2,4,-3,2,-1,-9,-7,4,5,-1,4,3,8,5,-3,13,23,4,7,-2,-4,1,0,-6,7,5,-5,4,9,-1,12,-4,-17,-12,1,-3,-7,-22,-8,-5,-2,-8,-21,-14,-9,-12,-29,-24,-14,-6,-7,-1,1,-6,-8,-8,5,3,1,12,2,2,5,16,11,7,18,7,10,4,5,-4,1,-3,-9,1,5,-2,-1,5,2,3,5,1,-7,-3,-7,-8,-6,-7,1,1,11,-9,-7,-4,0,-7,-3,-5,-7,-11,-2,14,-25,2,-4,3,-1,-3,6,1,8,8,-3,4,-19,-22,-9,-16,-12,-1,0,-6,-1,-15,-7,0,-6,-7,-9,-1,-2,2,-8,-6,-7,-17,-14,-12,-2,-2,-5,-4,7,0,8,0,1,6,-2,-16,-4,5,5,8,-2,2,-1,-4,-5,3,-1,-4,7,-13,-10,-9,-11,4,3,-2,-3,6,3,-3,-5,-9,0,5,-4,-4,-6,-4,-1,-14,-12,-16,-3,-7,-11,-15,-10,-14,-17,-13,-17,1,11,0,14,-1,7,-2,5,-9,-7,-1,4,5,-7,8,-3,-2,5,3,7,-1,15,-6,18,2,15,8,13,6,6,6,10,-9,-6,-4,-5,-10
4978,12.75,19,7,8,4,7,6,2,10,16,19,13,8,3,8,-5,0,-6,-5,-5,6,-4,15,-1,24,4,20,9,-3,17,6,5,-6,-7,-15,6,-11,-9,2,8,5,4,3,-2,-1,-2,-1,-9,10,-3,-3,-5,-9,-6,-7,0,-6,-1,23,11,15,8,17,4,-2,-5,-5,1,-1,-11,5,-16,-5,-1,-4,-10,25,17,13,6,-7,-6,13,9,-9,-3,-4,-18,-13,-7,1,-3,6,2,4,1,14,9,10,3,2,13,9,20,-1,-2,11,12,8,8,9,8,2,6,11,17,11,17,15,8,2,10,-3,12,-4,-3,-18,-4,-7,1,-12,-1,-10,0,-2,-16,-13,-12,-9,-3,-6,11,-2,-6,8,11,16,13,21,8,5,9,7,-1,-12,6,-3,5,-17,-28,-8,-17,-9,-4,19,2,-9,-7,-8,0,0,7,11,9,23,12,14,4,18,9,1,2,15,15,4,7,21,4,12,4,0,8,-9,-2,-1,-11,-7,0,-1,1,-6,-12,-10,18,10,19,8,-6,8,11,5,-7,12,-1,12,14,8,11,15,4,6,-5,-1,-6,-8,18,5,2,18,-4,8,3,-8,4,-2,-5,3,-3,7,-3,2,3,-3,1,13,2,-8,-4,-1,0,-10,-9,-5,-3,9,-13,-1,-5,5,4,10,4,9,18,-1,13,12,10,16,6,17,6,4,0,4,1,3,0,12,9,-6,-4,2,6,-9,-10,-4,5,4,2,6,5,-9,4,13,3,-13,-9,-24,-16,-13,-11,1,-17,-1,11,-1,7,11,10,12,4,5,-8,11,-15,-15,-27,12,5,3,-11,0,-2,-1,9,0,-2,10,10,-1,-4,6,-6,6,0,5,0,2,9,14,5,3,9,14,-4,10,12,1,4,13,12,20,17,-6,-2,-11,-10,-5,-18,-8,8,-10,7,-5,2,0,-9,-25,-7,-6,-12,-12,-6,-6,-8,5,8,-4,18,-5,-2,-8,-4,-9,2,1,-14,-15,5,-11,-6,-16,-1,-7,-4,2,-3,1,-1,-11,-1,-9,0,7,10,23,10,7,18,7,3,-3,-5,11,6,2,3,4,9,15,7,2,6,2,7,-1,-14,5,-1,-8,-3,4,-4,-15,-3,13,21,17,-6,8,6,-4,-5,-8,-8,1,1,-9,11,-19,1,3,-5,1,0,-4,0,1,4,13,6,6,-7,-3,13,-13,10,-3,-5,-3,-8,-10,-2,1,5,-7,23,-3,1,6,-15,-2,-4,6,8,5,21,10,18,23,2,6,9,2,16,14,15,3,17,2,9,17,4,6,-5,-12,-4,3,-2,3,1,-12,-2,23,8,-8,2,2,5,4,13,-2,7,-7,4,11,3,0,17,19,21,22,8,-15,-7,8,5,10,12,8,4,10,9,4,-12,-16,-10,0,-4,-2,0,-2,-8,5,13,4,1,1,0,-1,11,-3,-4,-3,-3,5,9,10,9,12,7,11,-3,-6,-3,-2,-3,-3,0,-1,2,8,11,8,5,6,-9,-4,-3,-8,-7,10,6,-1,7,8,4,-3,3,2,13,19,22,-3,1,8,5,11,18,19,15,10,14,8,10,14,17,21,11,17,11,11,14,7,-4,-14,0,12,11,-7,1,4,2,-3,6,7,5,14,3,7,10,0,0,3,5,6,0,11,18,6,7,6,3,12,0,1,5,22,15,-4,14,4,13,3,2,-8,-6,-10,11,1,-7,-16,-1,-11,17,12,-10,-13,-6,9,-2,0,0,-9,2,-7,6,7,8,-8,2,4,6,11,8,2,15,10,3,5,-10,-5,-16,-9,10,-7,3,1,9,10,4,-3,19,10,13,9,15,13,7,4,-2,-3,-9,-4,1,3,7,-6,0,6,1,10,7,-3,17,5,6,1,5,4,4,14,8,25,10,17,10,14,3,13,7,8,8,1,3,3,9,11,-5,-7,-21,1,-7,8,9,2,7,10,5,8,6,8,5,-10,0,19,7,7,4,8,16,18,15,20,14,11,-1,9,16,2,10,8,4,13,-1,17,-1,1,-4,2,-8,-9,5,19,-5,-2,-8,8,17,14,7,1,-17,-9,-11,-10,-4,5,-1,8,-1,13,8,15,10,5,4,12,14,11,17,9,21,12,4,10,15,11,12,5,5,5,11,11,12,14,7,12,-4,3,0,2,4,1,-1,6,5,8,7,17,4,6,-4,-4,1,-11,-4,-5,5,-6,6,-2,-1,16,7,2,-4,-8,3,-2,1,-7,-3,-8,-25,-5,1,3,-6,9,4,7,-5,-4,2,8,13,5,0,-1,3,-8,1,-1,3,7,4,-8,10,8,-2,8,1,7,10,23,12,13,10,3,14,24,7,4,4,3,15,8,2,5,15,6,3,4,-7,0,6,9,2,18,23,4,11,9,4,-3,14,-1,-3,3,-8,-3,1,-9,-1,7,6,-4,5,4,-8,10,7,7,1,14,4,13,11,18,11,-1,20,13,17,8,11,13,10,7,21,9,24,20,17,25,-4,10,19,14,5,17,11,-8,0,-6,7,5,21,12
4979,14.25,12,17,14,11,10,4,6,14,19,17,18,16,17,14,10,5,18,10,6,15,13,24,11,3,8,13,16,21,10,21,8,3,4,-6,-11,0,6,6,12,7,9,12,9,10,7,10,16,2,10,0,8,9,12,5,9,1,20,16,23,19,15,9,11,8,-1,2,-1,-5,-5,-16,-3,4,-5,6,24,7,22,16,13,-14,0,-1,15,-2,0,2,1,-6,4,14,2,-1,10,8,18,2,12,4,6,8,0,15,8,6,18,7,8,14,10,6,13,20,10,7,12,15,13,10,21,6,16,19,1,-10,-7,0,11,1,20,6,-10,8,15,8,6,12,5,-1,5,1,-4,4,2,23,17,12,16,13,10,10,11,13,17,20,16,11,7,-8,-11,-1,1,18,16,4,18,10,18,10,14,14,16,17,16,20,10,18,21,10,4,13,19,22,26,18,15,14,10,15,19,15,20,16,8,1,-1,21,8,3,8,2,4,-1,-5,4,12,16,10,10,26,17,-3,3,10,8,18,15,19,5,13,20,2,11,13,10,5,15,18,4,0,-1,-1,6,-2,1,1,12,8,2,1,11,10,1,17,2,14,3,6,12,4,2,-4,-2,10,0,13,10,3,13,10,-3,9,16,5,19,7,17,14,24,20,18,21,22,14,19,14,11,22,3,19,16,1,15,17,18,7,9,18,13,22,11,9,15,10,15,7,4,-6,-10,-3,-5,7,-4,2,5,6,14,16,24,22,16,19,-4,5,5,-4,-3,4,1,8,8,-1,14,13,9,3,7,14,23,0,5,14,10,17,20,16,11,4,5,15,24,11,20,17,26,16,23,17,4,9,24,22,14,24,6,5,-5,-16,-1,10,7,2,12,-9,0,-2,-8,-6,3,5,20,-6,-6,-2,-8,-5,-4,13,1,0,4,5,1,12,0,0,7,13,11,-2,-7,-2,-6,6,8,3,-9,21,-10,-5,4,8,9,3,21,16,11,16,14,21,17,19,28,3,17,16,15,11,15,16,18,9,8,9,6,11,1,4,1,8,2,8,7,13,20,13,16,8,-1,2,-4,-6,4,4,2,3,4,7,3,-12,0,-2,-5,6,-4,-4,3,6,5,14,18,11,9,1,1,10,8,4,6,9,7,1,2,-7,-2,1,-2,-1,10,16,1,17,13,9,10,19,19,33,21,21,9,15,11,-1,13,0,11,16,28,11,13,3,7,10,11,-2,-1,-2,-2,2,-20,6,16,14,18,12,17,-6,6,11,17,-1,21,2,12,12,5,13,22,26,25,27,26,5,-1,19,14,10,16,7,11,10,8,6,7,3,5,9,8,11,2,10,4,5,-1,9,8,20,21,4,2,16,4,10,10,19,9,18,13,25,15,3,25,22,-2,11,6,4,6,6,-10,10,11,4,15,26,16,26,17,-8,3,16,15,19,8,2,15,9,7,6,12,3,11,6,5,15,15,27,18,28,31,25,13,4,25,20,25,34,28,27,11,4,24,23,4,10,14,11,5,9,5,4,7,11,16,14,18,17,10,12,19,18,18,25,16,13,22,18,12,9,10,10,8,21,18,16,13,15,5,3,9,5,19,7,16,27,9,17,8,-2,11,19,6,6,10,13,3,5,1,3,5,5,3,20,9,5,11,9,3,-7,15,18,10,3,19,13,11,6,16,15,16,-8,-1,0,0,-13,11,21,5,12,18,19,13,-2,21,18,14,25,21,24,26,11,5,8,18,15,-5,0,1,-6,12,5,20,19,25,22,9,12,14,10,24,25,18,13,13,14,10,16,18,25,15,12,13,2,7,9,25,19,3,14,17,11,-3,7,21,13,19,17,7,12,5,16,10,26,8,19,10,22,10,19,23,22,26,32,24,11,15,2,12,18,10,21,13,13,17,14,14,15,17,27,18,16,2,14,3,0,3,16,4,15,11,-4,7,3,-7,-5,3,12,1,3,16,24,15,18,7,11,22,20,20,19,22,19,24,12,20,16,19,10,13,22,10,24,31,14,24,15,2,15,6,11,6,16,7,27,-3,2,-1,11,16,17,6,7,9,9,7,3,10,5,13,22,10,13,9,10,26,11,8,9,9,11,19,5,10,-9,3,0,-1,10,11,7,11,17,10,5,17,8,12,17,18,10,8,7,2,3,5,7,-1,13,15,3,0,11,12,26,11,21,16,27,19,17,12,10,19,13,10,7,6,-2,16,11,18,22,2,20,25,10,11,12,14,19,13,6,25,26,1,19,12,17,3,-1,6,1,11,16,25,7,-2,-7,2,15,-4,4,-6,16,19,6,11,18,8,14,9,27,14,-5,15,16,19,12,33,22,15,-2,11,27,14,24,28,34,36,25,24,18,30,24,18,16,13,15,12,3,10
4980,15.25,26,18,17,21,17,25,11,23,22,22,27,12,20,17,14,2,13,6,13,11,9,20,20,29,14,8,19,29,29,15,9,15,1,11,-4,17,-3,10,19,15,23,18,12,6,12,4,12,14,13,8,-1,-4,4,14,13,10,13,11,15,9,11,21,24,34,6,10,4,4,-2,10,-10,-1,6,3,13,33,28,27,17,7,8,23,18,18,5,10,20,13,14,18,8,18,23,16,8,20,19,11,19,5,10,19,15,13,8,14,17,-1,2,13,22,27,14,21,20,28,27,20,13,21,14,7,16,17,9,18,3,13,6,2,3,-3,24,12,13,1,12,11,1,6,13,16,13,18,20,28,21,17,18,19,13,23,11,23,10,15,17,-15,13,17,8,4,1,24,20,25,29,23,10,20,22,25,20,28,26,27,33,21,16,24,14,26,20,24,23,16,14,21,13,22,15,19,15,11,15,9,13,12,14,6,8,18,0,22,16,13,22,18,19,19,15,14,14,17,20,26,24,19,7,14,22,3,12,3,23,11,14,8,2,15,8,11,17,8,8,0,15,-5,9,6,20,14,16,17,6,8,11,4,11,21,4,2,4,5,4,16,18,8,6,13,22,27,22,13,16,19,19,19,22,20,9,14,20,16,18,14,11,15,12,10,10,8,22,7,12,18,20,23,10,25,17,6,17,25,18,-2,-3,-3,4,3,-3,8,7,8,15,18,20,20,8,21,17,11,11,18,25,4,25,28,33,12,7,11,10,14,13,22,19,16,15,23,6,26,10,28,31,17,20,21,21,18,15,6,19,8,22,18,28,7,16,18,36,26,31,19,17,10,11,5,22,14,11,17,9,2,-8,2,-1,-22,10,2,24,14,-8,-4,15,6,10,19,22,23,10,4,4,8,3,-2,2,5,9,11,15,-1,-7,2,13,20,8,19,6,11,18,6,21,11,18,6,23,30,16,11,23,9,27,21,21,12,26,21,7,10,17,10,22,10,16,8,18,13,15,8,12,12,23,24,27,23,17,12,13,16,10,17,7,6,13,10,11,6,-3,13,9,8,3,5,3,8,9,8,7,22,12,0,9,21,19,19,16,12,12,4,6,23,7,9,25,24,7,16,11,11,-7,18,24,24,30,9,26,18,27,28,28,16,22,15,22,18,18,18,22,19,16,11,14,8,0,6,1,6,15,10,16,5,28,-2,14,21,19,12,21,25,7,5,11,15,16,19,17,40,9,26,24,28,11,13,14,3,24,6,20,24,18,21,20,5,12,8,5,17,1,5,7,17,15,7,16,16,13,8,18,20,-7,14,16,16,8,17,12,15,13,19,15,18,16,18,21,2,6,23,18,25,17,21,24,23,9,12,8,6,5,7,7,22,28,10,20,10,12,11,27,18,26,23,27,13,22,26,17,35,33,26,19,20,10,22,27,17,20,32,32,21,18,2,29,17,6,8,13,16,17,9,22,22,28,7,25,12,22,19,25,11,15,30,16,28,28,15,14,17,26,30,0,35,26,40,25,8,11,16,11,18,17,15,18,19,8,23,9,19,20,30,0,13,18,19,22,29,23,-2,17,16,11,28,23,14,12,19,19,14,13,21,7,13,26,7,18,9,22,24,17,10,2,11,7,20,4,5,6,14,14,15,14,17,24,24,20,24,19,24,18,17,6,14,18,35,24,14,15,13,6,16,12,17,22,29,25,15,16,7,12,0,11,23,26,10,39,21,22,25,11,18,21,17,27,11,15,11,15,22,7,15,8,9,2,14,24,15,10,12,19,18,9,14,17,11,12,25,12,16,22,27,27,29,36,27,24,26,18,30,22,21,24,19,20,20,20,24,19,9,17,7,9,14,19,-15,2,14,6,11,12,19,0,23,7,-2,3,8,6,9,11,12,17,20,12,11,17,25,17,18,22,20,32,16,23,23,21,21,20,23,9,16,12,17,17,17,18,19,21,15,17,10,5,11,7,9,12,17,18,21,23,24,15,19,17,5,6,6,14,16,13,17,19,14,14,14,18,18,21,16,25,24,15,19,-12,-2,8,9,-3,7,15,19,11,15,17,9,18,17,32,32,13,12,13,-2,-3,-11,6,18,19,7,12,13,14,14,11,29,15,33,17,25,22,32,21,14,26,7,11,9,22,23,13,22,10,18,9,16,15,7,18,16,11,24,15,14,34,14,10,17,-2,9,6,13,2,3,10,9,9,15,12,10,8,14,20,13,34,10,20,18,23,22,25,26,16,21,31,21,21,21,16,20,28,31,25,29,15,24,33,32,26,16,28,17,20,14,14,13,19,18,29,10,11,23
4981,17.25,28,26,22,32,27,18,9,25,32,25,22,22,26,26,36,14,11,14,25,28,25,28,41,37,34,32,33,27,25,30,24,29,26,27,15,22,21,24,30,22,27,28,19,24,23,17,29,29,16,22,10,14,20,23,17,29,27,30,33,32,35,33,35,11,9,13,21,19,19,13,23,13,14,12,36,43,33,20,19,25,17,28,24,22,21,5,8,21,24,45,25,22,31,28,28,27,25,19,26,15,21,24,29,26,20,19,25,18,25,17,16,35,19,17,32,23,21,27,37,26,29,26,22,6,18,23,27,18,29,10,9,27,30,20,26,17,21,25,13,24,20,24,17,31,29,32,29,26,25,25,25,26,33,31,35,18,22,12,22,24,19,38,24,27,28,28,22,17,37,33,23,22,29,35,32,35,25,28,40,18,27,29,34,30,18,30,23,25,24,33,34,30,19,21,44,30,26,26,27,19,13,22,25,30,29,39,39,36,30,23,27,30,29,23,34,32,29,26,18,27,15,17,16,26,27,22,25,21,7,20,26,21,20,15,20,9,2,13,24,16,26,16,25,23,22,12,16,21,19,7,22,7,23,30,24,29,17,31,16,16,15,18,33,26,25,21,21,29,25,22,25,19,22,23,28,31,36,29,29,22,25,22,26,31,27,24,32,42,39,36,31,25,24,27,23,15,20,18,25,15,11,25,23,12,24,26,25,32,26,30,22,20,23,28,9,31,18,41,13,21,32,20,24,16,19,14,22,31,20,9,23,16,31,40,21,25,23,36,29,30,26,25,25,29,42,37,31,14,23,27,31,32,37,27,8,18,29,18,14,12,17,31,14,22,14,12,8,9,12,26,14,17,23,28,23,19,14,8,27,12,16,14,23,23,14,16,29,27,21,8,11,8,15,19,11,4,27,30,12,14,2,13,18,17,20,26,28,20,31,32,37,32,24,27,25,19,14,24,19,26,20,30,8,20,19,16,8,25,18,24,21,21,32,31,37,19,29,25,29,20,23,9,15,11,10,15,21,21,14,2,14,14,9,11,16,19,12,13,23,24,24,22,3,11,37,23,26,14,14,27,10,7,16,29,10,46,30,31,24,17,23,32,19,29,24,33,36,31,34,33,31,32,16,25,37,35,27,29,33,28,23,22,19,18,20,17,20,17,18,23,13,13,16,31,29,33,21,28,27,30,20,2,14,22,25,46,33,26,31,40,34,31,25,43,35,28,20,24,33,38,35,32,26,24,8,12,16,24,18,8,15,10,20,16,20,13,24,28,24,8,20,23,19,30,22,12,29,26,28,26,20,35,18,21,27,8,31,26,23,20,24,14,20,31,32,24,16,9,36,18,24,37,35,21,11,20,28,34,23,29,31,26,30,26,26,45,22,32,37,35,34,27,28,32,22,42,42,37,36,25,23,31,33,34,36,32,26,30,19,19,16,17,20,28,20,31,28,20,33,27,24,33,42,21,26,31,24,20,28,40,21,16,32,31,31,18,30,28,27,31,22,21,28,37,33,26,28,34,23,17,24,36,28,24,27,20,31,34,40,28,21,22,27,26,26,29,12,18,18,37,23,20,21,39,26,23,26,36,24,21,16,28,14,10,16,32,13,22,21,27,33,21,31,31,26,28,33,28,32,29,17,21,12,26,28,19,34,16,37,28,21,24,37,34,32,23,20,28,32,21,28,26,33,31,16,31,29,31,28,33,17,25,30,26,12,32,26,19,16,27,15,25,21,32,32,22,15,26,21,23,13,15,22,44,27,43,28,20,14,19,32,35,44,30,33,32,31,42,38,27,33,38,37,22,32,32,28,27,10,10,21,15,36,22,8,7,26,32,23,23,28,4,12,15,7,12,16,34,20,20,22,25,26,37,23,28,25,22,31,35,24,30,39,29,25,26,33,19,28,22,30,25,32,26,23,26,30,28,23,20,12,20,12,13,20,26,23,24,26,29,23,20,19,27,15,18,31,26,25,20,26,25,28,30,21,25,27,31,33,34,31,27,6,19,16,1,16,31,24,22,21,29,20,20,14,23,38,29,17,16,20,17,30,14,18,10,34,27,28,28,18,20,28,23,29,47,23,28,31,18,36,39,37,17,17,17,29,18,26,27,18,33,37,37,29,20,22,23,26,32,33,20,21,31,31,25,32,7,19,16,9,42,26,13,15,29,14,30,31,24,31,23,11,34,35,22,33,38,44,38,36,32,29,24,25,43,36,44,43,39,38,38,40,32,36,43,38,42,35,32,24,38,31,23,28,24,22,25,24,28
4982,18.75,20,28,19,14,25,33,26,29,36,27,39,35,33,40,23,32,31,23,32,22,29,33,30,34,29,46,36,32,40,39,42,40,24,30,32,26,14,30,24,42,41,36,28,16,27,20,38,32,18,37,15,25,17,41,32,36,35,38,38,27,40,31,41,46,22,29,14,13,15,19,13,26,32,28,55,47,39,32,28,17,45,39,37,30,26,19,14,17,34,23,32,28,29,25,34,22,28,29,30,26,33,27,36,39,27,23,27,21,41,30,24,31,53,27,48,35,50,33,30,32,49,34,36,27,41,35,34,22,37,20,39,37,39,22,37,19,32,42,26,30,23,36,22,26,27,44,42,28,30,34,29,33,49,38,37,21,26,28,34,36,12,33,33,45,35,34,30,38,23,27,28,31,40,48,40,38,35,41,31,31,24,41,37,39,33,23,26,36,36,44,42,24,23,37,28,35,43,29,17,13,36,37,29,51,35,24,43,27,28,24,35,34,21,28,31,21,34,37,26,32,32,30,21,43,31,27,31,25,32,27,18,40,31,23,14,14,32,34,34,28,31,25,23,26,31,24,21,30,24,33,7,11,19,13,31,23,34,18,38,19,27,34,25,24,28,29,32,34,21,26,28,49,28,31,31,28,26,22,27,30,14,53,38,19,30,28,35,33,36,33,20,31,30,33,38,26,26,24,20,21,14,18,31,29,29,33,46,38,46,25,26,26,38,30,38,14,33,32,37,28,44,25,18,26,22,25,36,36,42,28,32,36,36,33,36,40,28,28,39,54,31,40,29,39,27,28,48,48,31,31,40,37,33,30,39,38,23,22,25,21,49,26,31,26,16,10,14,29,18,23,33,28,29,30,21,38,18,28,24,24,22,17,15,30,19,19,21,21,15,22,25,16,27,23,21,37,35,21,21,34,27,21,24,42,37,35,33,38,39,34,35,39,30,35,35,38,35,26,23,31,35,16,25,42,21,24,12,35,24,31,28,24,35,48,40,42,37,27,37,27,33,26,40,34,17,41,40,35,16,28,21,12,12,22,23,24,21,16,26,40,17,34,43,30,25,39,32,20,33,25,13,32,31,38,38,41,46,36,44,24,31,22,30,39,40,44,41,48,39,36,34,36,29,39,28,31,30,31,25,30,37,30,22,23,17,27,27,29,26,26,33,28,45,27,33,30,45,38,25,55,42,35,34,27,34,34,29,46,52,30,38,33,22,25,27,31,31,38,44,29,42,25,25,35,35,41,51,38,29,16,33,28,29,28,23,27,30,42,39,40,33,43,55,37,40,31,33,19,34,33,38,29,41,40,30,33,24,33,36,29,29,25,27,34,42,39,31,48,17,31,43,43,31,19,14,27,37,27,34,42,37,30,50,48,41,34,48,47,51,41,36,36,30,41,37,28,37,42,40,49,41,38,48,46,38,21,33,27,29,45,26,42,39,20,34,38,31,39,40,34,32,46,28,30,35,38,27,24,64,50,36,40,48,46,41,23,45,37,31,42,36,31,34,29,37,36,49,45,48,36,50,23,36,39,35,40,28,13,24,19,36,32,47,33,32,25,21,37,26,30,37,27,50,28,28,41,42,28,29,25,39,5,22,24,21,28,28,29,25,35,28,46,35,28,35,41,42,44,44,32,29,35,22,38,46,30,28,30,26,43,41,36,49,43,35,34,40,21,43,30,49,37,37,46,34,40,37,39,33,36,28,37,36,15,31,38,31,40,30,31,37,39,39,47,44,36,30,15,23,20,18,34,31,20,35,28,34,33,32,30,37,38,47,33,38,29,49,61,44,32,44,34,44,30,40,44,48,34,36,26,33,29,24,28,14,31,18,19,31,28,20,34,25,18,42,17,20,14,27,28,27,32,30,19,36,38,30,28,27,30,38,31,31,25,28,28,39,30,42,29,37,35,27,32,25,30,26,21,31,17,22,40,31,24,35,22,30,42,32,40,50,40,39,32,36,23,16,35,32,37,29,52,34,43,39,36,24,20,45,31,27,30,17,26,22,20,34,17,19,29,31,22,30,26,34,43,42,34,27,37,38,19,7,22,26,34,28,32,35,22,34,33,33,37,43,37,37,42,40,46,29,51,53,19,47,46,33,29,20,36,26,25,30,53,32,37,26,31,31,28,46,46,40,44,40,30,25,27,17,21,18,16,50,48,33,22,17,36,35,38,49,44,38,29,50,33,39,31,32,40,43,43,38,40,43,41,53,51,41,43,32,42,49,43,39,51,43,52,47,29,34,43,36,28,31,34,39,35,32,37
4983,19.75,32,32,41,45,38,30,32,31,42,31,32,26,40,34,41,40,24,53,29,33,36,42,50,43,47,36,44,35,35,44,27,33,42,45,36,24,38,48,29,29,46,44,35,35,36,34,33,23,34,15,26,19,27,28,38,40,44,43,47,41,30,48,47,39,27,18,24,22,22,38,30,19,17,40,28,54,35,43,36,46,28,41,34,36,36,30,40,30,29,30,38,40,36,36,47,31,40,40,28,40,29,34,45,49,34,32,40,39,28,27,49,45,33,34,37,42,40,43,42,42,53,46,30,32,26,57,42,42,40,25,43,51,48,55,31,24,52,35,27,42,38,42,41,33,35,38,45,32,36,30,39,37,28,34,28,24,30,43,29,46,42,27,37,42,37,32,35,27,32,37,41,28,46,43,45,40,45,45,36,41,51,36,30,34,40,36,52,38,21,38,38,42,40,27,40,39,31,33,39,47,31,29,52,25,40,57,35,43,41,40,38,41,37,37,38,54,39,30,30,33,29,44,38,32,42,38,43,31,29,31,47,36,37,34,22,30,29,29,37,51,39,33,36,28,34,32,32,17,31,30,31,14,29,20,35,34,27,39,25,34,39,36,40,28,35,31,27,30,24,24,29,35,38,33,35,36,28,33,25,26,35,37,29,36,35,33,39,36,47,39,36,41,38,30,35,23,15,33,40,10,24,31,26,23,32,38,32,40,39,45,37,39,30,37,46,42,45,37,47,42,48,35,32,21,27,46,40,43,37,36,41,38,53,47,51,31,37,40,47,33,37,30,44,53,38,42,53,38,48,39,42,43,46,35,43,50,46,38,29,33,34,29,22,8,28,22,25,21,23,36,31,38,44,15,31,31,26,23,29,39,37,20,26,37,40,23,46,33,32,32,20,25,32,31,34,39,44,39,25,22,30,31,32,45,44,33,44,42,37,44,30,33,35,39,46,47,43,36,30,35,40,38,30,13,33,36,23,23,29,28,32,39,39,41,50,45,43,45,24,32,36,43,31,22,23,22,46,25,19,19,25,26,26,33,19,33,24,34,18,30,33,27,23,36,32,26,37,41,42,34,38,36,46,51,47,34,49,44,34,33,35,42,42,43,51,49,49,42,54,43,41,19,33,23,41,49,34,33,51,39,44,40,27,33,7,11,23,25,36,43,28,38,38,29,31,39,25,40,31,34,48,29,27,43,51,29,42,53,47,44,43,47,43,33,37,39,48,45,41,31,36,42,35,48,46,20,29,50,43,47,43,26,37,35,32,38,33,32,33,24,54,33,35,55,47,42,36,36,41,39,44,39,45,43,39,45,34,37,30,33,39,41,35,48,49,46,35,36,41,43,48,46,39,33,29,36,42,40,37,33,47,35,42,30,61,28,45,54,44,42,42,50,39,46,45,45,56,47,50,35,33,44,53,57,57,26,40,45,32,25,42,27,32,37,31,43,43,30,52,41,42,55,48,35,46,49,34,37,30,58,58,47,46,56,36,32,36,45,43,53,43,53,44,52,44,32,46,49,41,46,29,50,46,46,42,35,45,39,46,26,46,45,31,40,41,53,48,26,22,44,47,53,42,60,45,28,55,46,34,39,36,39,26,31,27,44,35,36,39,38,38,25,41,35,37,36,45,39,40,38,44,40,30,46,41,41,46,21,50,50,47,41,56,47,42,41,27,39,34,40,36,44,43,50,46,52,43,47,45,28,44,43,40,36,45,44,34,36,35,56,42,36,32,38,55,31,25,29,25,26,44,38,41,29,40,47,30,27,38,43,51,43,40,43,32,38,56,51,40,35,47,45,41,27,47,41,33,41,45,48,48,39,45,38,38,22,28,22,28,30,39,28,21,23,19,29,37,24,37,32,38,29,39,41,29,34,33,32,44,39,35,40,36,34,37,33,26,42,38,35,41,42,35,42,31,34,37,33,28,36,39,36,41,29,26,33,45,32,41,33,26,27,30,35,28,27,44,28,38,22,40,40,44,39,36,41,35,44,41,44,40,33,37,29,36,25,35,28,37,40,41,32,28,44,37,51,50,38,48,33,17,36,26,20,30,29,40,38,31,43,23,24,39,49,48,42,47,36,46,49,54,43,40,30,29,38,35,33,39,52,42,42,46,43,30,46,37,37,37,53,41,38,43,24,34,35,35,22,24,26,15,54,29,38,39,33,31,60,57,46,39,38,44,43,39,49,47,48,34,50,47,56,45,46,37,36,44,35,48,45,49,47,44,47,45,37,59,54,45,34,54,48,41,55,45,39,36,54,38,44
4984,20.75,44,36,27,39,43,41,42,42,47,35,46,42,45,51,51,10,34,32,42,35,48,45,55,45,52,42,47,41,45,50,38,44,30,38,25,44,25,37,37,48,36,49,54,28,42,35,41,34,25,30,35,31,37,32,40,42,32,49,42,44,57,46,44,53,46,40,31,34,38,29,37,39,35,46,47,49,43,35,46,27,35,58,43,40,39,41,49,42,39,49,45,44,41,32,44,42,50,45,68,58,36,42,42,56,40,45,34,44,56,56,37,48,29,40,60,45,35,39,48,38,31,51,40,43,46,41,58,51,47,30,13,45,56,34,49,50,43,45,49,33,27,27,38,37,38,51,50,44,45,41,33,41,45,44,44,32,41,37,41,41,46,44,42,50,48,43,39,33,27,46,32,38,51,53,49,43,44,33,54,46,43,46,48,42,47,45,36,41,49,49,48,38,45,43,49,48,53,36,34,41,43,46,42,37,45,44,46,49,48,47,56,44,44,48,36,44,51,45,42,44,50,38,42,53,34,30,35,37,35,40,31,48,53,29,47,43,44,22,49,40,43,35,32,49,42,37,29,33,42,37,38,35,41,39,37,39,38,35,33,41,30,54,44,44,47,35,36,35,43,40,31,38,42,41,39,33,38,38,32,36,29,32,47,39,40,37,37,44,44,47,34,38,34,35,32,31,33,37,32,26,43,37,44,39,54,29,42,47,29,39,33,33,44,47,31,38,41,44,44,48,36,47,45,42,36,53,43,49,40,49,37,41,44,56,46,51,43,53,51,60,40,45,36,41,55,62,39,41,52,55,49,56,48,45,56,48,54,47,57,37,44,19,28,31,25,30,30,35,41,44,44,30,30,34,43,24,33,32,39,33,26,28,28,45,42,47,35,37,26,41,32,30,36,34,37,43,38,41,31,27,32,35,39,38,39,39,34,44,49,40,45,43,39,43,44,40,40,30,35,38,21,32,34,27,29,18,25,29,34,43,36,46,52,36,45,51,48,32,41,39,42,31,49,42,34,48,33,42,31,24,18,19,35,29,25,29,29,37,34,33,30,40,15,44,47,32,41,33,48,37,40,58,40,42,45,51,37,54,46,31,41,47,49,48,46,52,44,50,46,47,47,45,54,44,51,46,43,35,48,42,46,42,30,46,27,23,26,40,30,38,43,34,50,48,48,40,38,47,40,59,37,55,44,37,47,48,40,61,50,38,50,42,61,52,41,45,40,42,47,41,48,35,39,38,37,48,40,45,51,31,17,40,42,47,28,32,42,40,48,46,46,51,28,43,26,46,42,38,44,45,41,51,48,49,42,41,45,36,49,38,46,45,49,45,45,27,48,33,48,51,51,56,46,40,50,41,48,48,44,48,39,40,37,41,46,52,32,58,40,50,49,46,48,65,72,51,48,55,43,41,51,56,58,52,60,61,48,36,40,32,35,47,45,44,46,28,36,44,46,48,50,52,31,44,51,46,36,56,50,68,50,57,51,62,54,47,51,51,36,47,50,55,48,46,52,40,37,40,53,40,42,52,51,43,48,50,39,55,50,32,56,52,50,44,55,64,34,42,46,57,55,40,38,41,34,48,36,50,44,43,45,31,33,43,52,40,42,48,48,43,50,40,51,44,48,49,54,47,50,45,40,45,41,40,48,50,37,43,45,32,44,48,42,55,38,46,45,45,37,52,40,33,41,37,51,47,53,44,48,41,53,48,44,30,58,50,40,46,40,35,31,41,52,52,39,46,32,31,47,35,46,46,43,48,43,48,42,40,42,52,47,52,49,48,48,55,45,64,51,51,53,57,51,51,63,51,40,56,56,40,43,44,29,36,35,18,31,38,37,34,35,36,31,30,37,22,29,40,33,45,32,47,42,44,40,42,38,37,34,41,40,46,45,41,45,43,43,33,34,38,45,38,45,36,42,37,41,44,33,28,34,31,37,42,38,39,34,48,49,53,34,55,33,42,41,41,49,43,44,42,50,33,50,48,41,58,56,49,47,47,47,36,27,44,29,31,20,45,30,37,35,38,42,37,43,46,52,43,31,45,42,44,36,31,37,42,45,57,59,32,42,40,43,40,52,50,42,47,36,53,45,54,49,51,52,42,43,39,47,40,50,48,40,49,55,41,29,42,42,37,54,50,48,50,49,53,48,42,34,38,70,61,57,42,43,52,60,54,41,51,54,55,48,51,45,44,50,51,49,43,53,58,55,29,44,52,38,45,46,46,54,55,51,51,51,60,48,58,50,62,29,56,43,46,40,58,52,57,46,59
4985,23.25,46,52,51,48,41,39,45,44,51,46,51,54,48,54,49,49,37,58,54,54,56,56,57,47,58,53,55,53,49,59,46,57,50,50,44,50,41,53,54,54,53,53,50,58,49,40,55,46,44,53,52,38,53,53,58,55,47,69,49,54,64,53,59,49,50,45,42,43,49,48,41,41,57,56,62,57,53,67,65,56,58,46,49,52,52,57,60,57,69,66,59,58,57,58,49,56,63,68,31,65,64,62,64,68,48,38,45,52,60,61,56,52,60,55,52,55,56,48,58,59,56,57,57,46,58,60,48,55,49,38,51,58,63,60,61,58,55,69,63,47,63,51,59,53,50,65,58,53,48,54,42,50,53,56,50,48,49,49,51,52,56,56,52,52,45,51,42,42,48,53,54,49,53,56,56,45,55,51,44,53,55,51,57,56,61,55,54,46,53,58,53,55,54,50,53,56,60,51,45,53,54,50,56,56,51,60,50,56,53,50,60,48,58,56,48,57,56,40,62,52,57,60,48,59,54,48,57,42,48,44,57,57,59,37,60,54,58,39,53,54,48,57,44,53,38,41,38,40,37,45,42,42,44,44,40,50,45,45,42,48,48,37,46,37,50,42,50,42,36,42,46,52,46,47,54,52,43,40,37,46,39,54,56,52,43,57,51,50,50,49,44,45,43,37,45,42,43,47,46,37,45,49,36,51,48,42,50,56,52,51,51,51,50,43,51,51,56,52,55,52,56,55,48,35,51,36,48,58,59,52,46,50,57,60,56,56,61,66,63,64,66,50,60,57,60,48,57,57,58,62,62,50,61,48,68,69,64,55,38,56,69,41,56,49,55,51,50,41,49,47,47,44,46,42,51,43,30,47,46,47,54,42,41,41,46,52,53,40,37,37,40,44,45,41,42,48,47,46,39,39,51,46,47,49,46,47,47,46,44,46,49,45,51,49,51,50,50,48,39,45,49,42,55,51,48,38,35,38,43,46,39,43,43,51,54,55,54,50,44,50,50,51,61,49,48,52,56,45,43,50,27,49,40,38,45,38,44,41,41,42,57,41,57,50,53,49,62,54,53,47,62,43,52,55,62,56,55,57,48,60,49,51,58,62,55,58,53,56,56,51,55,54,43,56,54,50,50,56,53,55,51,58,43,51,40,50,45,54,41,55,50,55,56,56,57,45,47,66,83,63,51,68,53,47,57,54,54,50,54,53,64,54,52,58,46,54,60,57,51,48,51,48,49,64,62,51,53,53,54,50,49,57,50,39,55,48,52,51,55,55,64,64,63,60,54,57,54,43,47,53,51,42,51,52,54,50,37,42,51,44,51,53,52,57,58,59,44,53,58,54,63,61,54,37,53,64,59,55,56,63,50,52,60,58,66,64,60,65,59,57,60,58,67,58,67,59,67,63,58,63,70,61,67,82,63,52,52,57,53,52,55,53,50,52,51,50,49,56,54,51,57,61,55,59,43,53,46,66,71,52,73,70,64,64,58,57,58,56,53,58,56,58,51,57,56,53,54,56,57,50,55,56,54,57,57,56,56,44,53,42,60,58,57,51,61,72,56,47,54,61,77,66,65,73,49,62,78,73,59,50,61,52,47,56,32,50,48,53,58,48,55,48,58,55,65,56,65,57,55,55,57,54,59,61,52,53,53,47,55,55,54,59,60,58,53,56,61,49,49,65,58,60,55,59,60,55,58,57,59,50,60,54,54,44,47,60,45,49,59,61,45,58,56,62,61,51,41,34,56,57,27,49,45,55,54,52,57,49,53,56,54,62,61,54,59,62,66,71,58,66,62,49,53,63,71,57,69,75,60,69,52,71,57,46,43,53,38,41,45,43,45,44,47,34,46,41,40,43,41,50,46,49,51,49,50,45,49,46,50,47,45,49,48,50,40,46,48,44,46,50,48,46,49,48,47,46,45,43,43,42,46,45,48,49,49,44,42,54,54,43,52,45,42,53,47,69,67,46,62,62,65,64,60,57,66,52,41,53,52,56,54,41,41,37,41,42,38,48,48,43,46,43,49,50,52,54,55,54,54,51,50,51,53,49,40,53,62,43,46,48,51,43,54,58,58,53,53,55,52,59,57,62,58,32,54,48,50,60,62,67,57,52,64,61,60,55,42,66,49,61,59,61,58,54,59,46,46,47,56,52,36,66,65,58,69,40,54,70,69,68,64,49,57,59,55,51,54,57,66,68,66,63,58,64,62,60,70,61,62,60,58,56,59,60,59,63,66,63,71,53,65,53,59,69,50,60,55,62,53,54
4986,26.25,55,55,55,55,55,55,55,55,55,55,55,57,57,57,57,57,57,61,61,61,61,61,61,61,61,61,61,61,61,61,61,61,61,61,61,61,58,58,58,58,58,58,58,44,58,58,58,58,58,58,61,61,61,61,61,61,76,76,76,76,76,76,76,76,76,51,51,51,51,60,58,61,61,61,67,67,67,48,67,67,67,67,67,64,64,69,69,69,64,69,69,79,79,73,73,73,73,73,73,76,76,76,74,74,74,74,74,74,74,67,67,67,67,67,67,65,65,65,65,65,65,65,65,65,65,65,65,65,71,66,66,66,69,69,69,69,69,48,69,69,69,69,69,69,69,69,69,69,50,56,56,56,56,51,56,56,56,56,56,56,54,53,56,56,56,56,56,56,56,56,58,58,58,58,58,58,58,60,60,60,60,60,61,61,53,61,61,61,61,61,61,61,61,61,61,66,66,60,60,61,63,63,63,63,63,63,62,62,62,62,62,62,62,62,62,62,62,62,46,62,62,62,62,62,66,66,66,63,63,63,63,63,64,64,64,64,51,58,58,58,58,58,58,58,47,47,47,47,47,47,47,47,47,47,47,58,58,58,56,56,56,56,54,54,54,54,54,54,54,54,54,54,54,54,41,54,54,54,49,49,49,60,60,60,60,60,60,52,52,52,52,52,52,52,52,52,52,52,52,52,52,56,56,56,56,56,56,51,56,56,56,56,56,56,56,56,55,59,59,59,62,62,62,56,60,64,64,64,64,64,64,64,64,64,64,70,70,70,70,70,70,70,70,70,70,67,67,67,67,67,67,67,67,73,73,73,73,73,73,73,73,73,58,58,58,58,58,56,56,56,56,56,56,56,55,55,55,55,55,56,56,47,47,47,62,62,62,43,43,51,51,51,51,51,51,51,51,51,51,51,38,51,51,51,51,51,51,51,51,51,51,51,43,51,54,54,54,54,54,54,54,55,51,56,61,61,42,57,57,57,57,57,57,57,57,57,57,57,57,57,57,64,64,64,64,64,64,64,64,64,49,33,49,49,49,49,49,49,48,62,62,62,62,62,62,62,52,62,62,62,55,62,62,62,51,62,62,62,62,62,62,62,62,55,60,60,60,60,60,60,60,60,60,60,60,60,60,60,60,60,60,60,60,60,60,60,60,60,62,62,62,64,64,61,61,61,61,86,86,69,78,78,68,68,68,68,68,68,68,68,68,68,68,68,64,64,64,64,64,64,64,64,64,56,64,64,64,64,64,64,64,64,64,64,64,64,64,64,67,67,73,73,73,73,63,51,57,57,57,57,57,57,57,57,57,57,57,57,57,57,57,57,57,62,62,62,62,68,68,63,55,64,64,64,64,48,64,64,64,70,67,67,70,70,70,70,70,70,70,70,70,70,77,77,77,77,77,71,81,86,86,86,86,86,86,86,59,61,61,61,61,56,56,56,56,56,56,51,56,56,63,63,63,63,63,63,75,75,75,73,64,73,68,68,61,61,61,61,61,61,61,61,61,61,61,61,61,61,61,61,61,61,61,61,61,61,61,61,61,61,65,65,65,65,76,76,76,77,77,77,69,77,77,77,78,78,61,78,78,78,62,62,62,62,62,62,62,62,62,62,62,62,62,62,68,68,68,63,63,63,63,63,63,63,63,60,60,60,60,60,60,63,63,63,63,63,63,65,65,59,65,65,65,65,65,65,65,63,63,63,63,63,63,63,63,63,56,64,64,64,64,64,64,64,64,64,64,64,63,63,69,69,65,65,65,65,65,65,65,65,65,65,65,65,82,74,74,74,74,74,74,74,74,74,72,83,83,83,83,83,83,83,63,63,57,57,51,51,51,51,51,51,51,51,51,51,52,52,52,52,52,52,52,52,52,52,52,52,52,52,52,52,52,52,52,52,52,52,52,52,52,52,52,52,52,52,52,52,52,52,52,52,52,56,56,56,56,56,57,57,57,57,57,57,69,58,69,69,69,69,71,71,71,71,71,60,60,60,60,60,60,52,52,52,52,52,52,52,52,52,50,58,58,58,58,58,58,58,58,58,58,62,62,62,62,62,55,62,62,55,55,56,56,62,62,62,62,62,64,64,67,67,67,67,67,67,67,67,67,60,67,67,67,70,70,70,70,70,70,70,69,69,69,69,74,74,74,71,71,75,75,75,75,75,75,75,75,75,75,75,75,75,62,62,62,62,62,62,70,70,70,70,70,70,70,70,72,72,72,72,69,69,69,69,69,69,71,71,58,71,71,71,71,71,71,71,71,65,65,65
