"depths","X1","X2","X3","X4","X5","X6","X7","X8","X9","X10","X11","X12","X13","X14","X15","X16","X17","X18","X19","X20","X21","X22","X23","X24","X25","X26","X27","X28","X29","X30","X31","X32","X33","X34","X35","X36","X37","X38","X39","X40","X41","X42","X43","X44","X45","X46","X47","X48","X49","X50","X51","X52","X53","X54","X55","X56","X57","X58","X59","X60","X61","X62","X63","X64","X65","X66","X67","X68","X69","X70","X71","X72","X73","X74","X75","X76","X77","X78","X79","X80","X81","X82","X83","X84","X85","X86","X87","X88","X89","X90","X91","X92","X93","X94","X95","X96","X97","X98","X99","X100","X101","X102","X103","X104","X105","X106","X107","X108","X109","X110","X111","X112","X113","X114","X115","X116","X117","X118","X119","X120","X121","X122","X123","X124","X125","X126","X127","X128","X129","X130","X131","X132","X133","X134","X135","X136","X137","X138","X139","X140","X141","X142","X143","X144","X145","X146","X147","X148","X149","X150","X151","X152","X153","X154","X155","X156","X157","X158","X159","X160","X161","X162","X163","X164","X165","X166","X167","X168","X169","X170","X171","X172","X173","X174","X175","X176","X177","X178","X179","X180","X181","X182","X183","X184","X185","X186","X187","X188","X189","X190","X191","X192","X193","X194","X195","X196","X197","X198","X199","X200","X201","X202","X203","X204","X205","X206","X207","X208","X209","X210","X211","X212","X213","X214","X215","X216","X217","X218","X219","X220","X221","X222","X223","X224","X225","X226","X227","X228","X229","X230","X231","X232","X233","X234","X235","X236","X237","X238","X239","X240","X241","X242","X243","X244","X245","X246","X247","X248","X249","X250","X251","X252","X253","X254","X255","X256","X257","X258","X259","X260","X261","X262","X263","X264","X265","X266","X267","X268","X269","X270","X271","X272","X273","X274","X275","X276","X277","X278","X279","X280","X281","X282","X283","X284","X285","X286","X287","X288","X289","X290","X291","X292","X293","X294","X295","X296","X297","X298","X299","X300","X301","X302","X303","X304","X305","X306","X307","X308","X309","X310","X311","X312","X313","X314","X315","X316","X317","X318","X319","X320","X321","X322","X323","X324","X325","X326","X327","X328","X329","X330","X331","X332","X333","X334","X335","X336","X337","X338","X339","X340","X341","X342","X343","X344","X345","X346","X347","X348","X349","X350","X351","X352","X353","X354","X355","X356","X357","X358","X359","X360","X361","X362","X363","X364","X365","X366","X367","X368","X369","X370","X371","X372","X373","X374","X375","X376","X377","X378","X379","X380","X381","X382","X383","X384","X385","X386","X387","X388","X389","X390","X391","X392","X393","X394","X395","X396","X397","X398","X399","X400","X401","X402","X403","X404","X405","X406","X407","X408","X409","X410","X411","X412","X413","X414","X415","X416","X417","X418","X419","X420","X421","X422","X423","X424","X425","X426","X427","X428","X429","X430","X431","X432","X433","X434","X435","X436","X437","X438","X439","X440","X441","X442","X443","X444","X445","X446","X447","X448","X449","X450","X451","X452","X453","X454","X455","X456","X457","X458","X459","X460","X461","X462","X463","X464","X465","X466","X467","X468","X469","X470","X471","X472","X473","X474","X475","X476","X477","X478","X479","X480","X481","X482","X483","X484","X485","X486","X487","X488","X489","X490","X491","X492","X493","X494","X495","X496","X497","X498","X499","X500","X501","X502","X503","X504","X505","X506","X507","X508","X509","X510","X511","X512","X513","X514","X515","X516","X517","X518","X519","X520","X521","X522","X523","X524","X525","X526","X527","X528","X529","X530","X531","X532","X533","X534","X535","X536","X537","X538","X539","X540","X541","X542","X543","X544","X545","X546","X547","X548","X549","X550","X551","X552","X553","X554","X555","X556","X557","X558","X559","X560","X561","X562","X563","X564","X565","X566","X567","X568","X569","X570","X571","X572","X573","X574","X575","X576","X577","X578","X579","X580","X581","X582","X583","X584","X585","X586","X587","X588","X589","X590","X591","X592","X593","X594","X595","X596","X597","X598","X599","X600","X601","X602","X603","X604","X605","X606","X607","X608","X609","X610","X611","X612","X613","X614","X615","X616","X617","X618","X619","X620","X621","X622","X623","X624","X625","X626","X627","X628","X629","X630","X631","X632","X633","X634","X635","X636","X637","X638","X639","X640","X641","X642","X643","X644","X645","X646","X647","X648","X649","X650","X651","X652","X653","X654","X655","X656","X657","X658","X659","X660","X661","X662","X663","X664","X665","X666","X667","X668","X669","X670","X671","X672","X673","X674","X675","X676","X677","X678","X679","X680","X681","X682","X683","X684","X685","X686","X687","X688","X689","X690","X691","X692","X693","X694","X695","X696","X697","X698","X699","X700","X701","X702","X703","X704","X705","X706","X707","X708","X709","X710","X711","X712","X713","X714","X715","X716","X717","X718","X719","X720","X721","X722","X723","X724","X725","X726","X727","X728","X729","X730","X731","X732","X733","X734","X735","X736","X737","X738","X739","X740","X741","X742","X743","X744","X745","X746","X747","X748","X749","X750","X751","X752","X753","X754","X755","X756","X757","X758","X759","X760","X761","X762","X763","X764","X765","X766","X767","X768","X769","X770","X771","X772","X773","X774","X775","X776","X777","X778","X779","X780","X781","X782","X783","X784","X785","X786","X787","X788","X789","X790","X791","X792","X793","X794","X795","X796","X797","X798","X799","X800","X801","X802","X803","X804","X805","X806","X807","X808","X809","X810","X811","X812","X813","X814","X815","X816","X817","X818","X819","X820","X821","X822","X823","X824","X825","X826","X827","X828","X829","X830","X831","X832","X833","X834","X835","X836","X837","X838","X839","X840","X841","X842","X843","X844","X845","X846","X847","X848","X849","X850","X851","X852","X853","X854","X855","X856","X857","X858","X859","X860","X861","X862","X863","X864","X865","X866","X867","X868","X869","X870","X871","X872","X873","X874","X875","X876","X877","X878","X879","X880","X881","X882","X883","X884","X885","X886","X887","X888","X889","X890","X891","X892","X893","X894","X895","X896","X897","X898","X899","X900","X901","X902","X903","X904","X905","X906","X907","X908","X909","X910","X911","X912","X913","X914","X915","X916","X917","X918","X919","X920","X921","X922","X923","X924","X925","X926","X927","X928","X929","X930","X931","X932","X933","X934","X935","X936","X937","X938","X939","X940","X941","X942","X943","X944","X945","X946","X947","X948","X949","X950","X951","X952","X953","X954","X955","X956","X957","X958","X959","X960","X961","X962","X963","X964","X965","X966","X967","X968","X969","X970","X971","X972","X973","X974","X975","X976","X977","X978","X979","X980","X981","X982","X983","X984","X985","X986","X987","X988","X989","X990","X991","X992","X993","X994","X995","X996","X997","X998","X999","X1000"
1,-19,-24,-27,-24,-25,-21,-23,6,-20,-24,-23,-13,-15,-24,-21,-16,-16,-22,-21,-28,-30,3,-18,-24,-16,-25,6,-11,-12,-19,-16,-21,-19,-20,-16,-19,-24,-20,-13,-15,-23,-22,-22,-13,-18,-21,-19,-21,-20,-25,-13,-14,-13,-14,-19,-18,-28,-16,-27,-25,-20,-15,-11,-26,-23,-2,-12,-27,-21,-10,-11,-31,-18,-23,-18,-20,-23,-12,-18,-21,-13,-19,-17,-22,-25,-17,-18,-18,-25,-19,-17,-20,-11,-10,-26,-24,-22,-22,-20,-34,-22,-18,-18,-15,-24,-18,-13,-23,-21,-26,-22,-23,-18,-22,-27,-20,-21,-14,-20,-17,-17,-17,-17,-17,-14,-12,-13,-14,-13,-11,-7,-20,-19,-22,-20,-22,-20,-14,-15,-14,-17,-14,-13,-26,-26,-14,49,-18,-23,-24,-27,-12,-15,-14,-16,-14,-16,-16,-23,-20,-14,-22,-14,-11,-8,-16,-6,-20,-15,-8,-14,-15,-18,-17,-17,-21,-10,-15,-24,-21,-14,-39,-9,-12,-25,-25,-23,-21,-14,-22,-11,-8,-29,-21,-11,-15,-14,-15,-38,-11,28,-25,-22,-13,-18,-21,-22,-21,-37,-23,-22,-20,-23,-25,-25,-13,-14,-20,-42,-24,-10,-19,-32,-18,-18,-18,-21,-19,-21,-19,-21,-27,-17,-23,-14,-15,-17,-10,-10,-13,-11,-11,-15,-18,-17,-17,-20,-21,-19,-9,-11,-15,-21,-17,-20,-21,-15,-21,-14,-23,-23,-28,-28,-13,-19,-16,-21,-15,-16,-25,-14,-20,-14,13,-18,-17,-18,-31,-8,-24,-11,-23,3,-11,-11,-27,-26,-32,-14,-5,-41,-36,-10,-19,-13,-11,-6,-12,-19,-21,-17,-38,-19,-9,-22,-14,14,9,-20,-19,-19,-20,-17,-19,-8,-11,-47,-20,-23,-23,34,-23,-23,-18,-22,-22,-14,-16,-18,-18,5,-26,-13,-24,-21,-13,-12,-13,-15,-19,-13,-1,-23,-24,-24,-26,-20,-19,-12,-17,-17,-27,-23,-19,14,21,-15,-36,11,-8,-17,-24,-17,-17,-17,-7,-12,-10,-13,-15,-13,-16,-18,-23,-12,-15,-18,-18,-16,-22,-2,-20,-18,-17,-14,-13,-13,-23,-16,-19,-18,-16,-22,-23,-24,-22,-23,-15,-18,-14,-17,-12,-16,-15,-29,-21,-17,-19,-22,-16,-16,-19,-29,-21,-20,-24,-19,-14,-14,-14,-11,-17,-15,-16,-22,-21,-17,-19,-26,-8,-24,-27,-23,-18,-15,-17,-14,-26,-13,-20,-20,-18,-20,-23,-18,-19,-17,-10,-14,-11,-17,-23,25,-11,-15,-19,-17,-22,-62,-16,-18,-20,-23,-12,-32,-18,-17,-16,-14,-23,-19,-20,-27,-29,-23,-1,-21,-20,-27,-20,-19,-14,-21,-22,-27,-24,-28,-9,-4,-9,-8,-11,-16,-27,-26,-29,-17,-17,-32,-14,-14,-14,-12,-17,-29,-25,-22,-26,-24,-25,-24,-18,-12,-8,-14,-4,-20,-7,7,-19,-17,-18,-16,-16,-18,-31,-18,-20,-30,-19,-26,-63,-14,-12,-22,-27,-24,-22,-24,-21,-25,-27,-29,-19,-21,-19,-17,-40,-12,-14,-8,-28,-18,-9,-17,-16,-17,-14,-20,-21,-30,-26,-12,27,-51,-29,-23,-4,-16,-40,-50,-8,-33,-23,-33,-17,-21,-25,-22,37,-18,-14,-12,-20,-21,-17,-31,-14,-30,-23,-12,-21,-18,-19,-27,-29,-22,-1,-22,-24,-18,-23,-18,-20,-18,-23,-17,-14,-15,-14,-9,-9,-8,-13,-15,-10,-12,-30,-26,-18,-17,-23,-13,-14,-17,-22,-25,-18,-9,-10,-11,-19,-7,-20,-10,-26,-22,-23,-26,-17,-19,-20,-18,-10,-18,-20,-22,-26,-28,-10,-10,-11,-37,-29,8,-15,1,-21,-25,-8,-7,-23,-23,-14,-42,-20,-24,-15,-16,-28,-15,-10,-27,-20,-26,-24,-25,-25,-28,-28,-14,-13,-14,-14,-15,-13,-14,-15,-22,-22,-24,-22,-21,-21,-23,-12,-9,-20,-19,-16,-17,0,-23,-15,-20,-19,-17,-13,-11,-23,-19,-28,-24,-19,-14,-13,-15,-19,-18,-17,-24,-10,-17,-9,-11,-25,-15,-14,-10,-16,-10,-19,-12,-1,-14,-28,-17,-19,-28,-11,-24,-25,29,-22,-25,-23,-27,-23,-22,-27,8,-17,-18,-17,-22,-17,-22,-14,-16,-22,-5,-17,-24,-8,-16,-31,-17,-8,-19,-2,-14,-18,-16,-18,-20,-24,-26,-25,-21,-24,-23,-24,-20,-37,-40,18,-21,-22,-25,-24,-21,-17,-18,-14,2,-25,16,-22,-29,-28,-12,-22,-20,-23,-23,-22,-48,-20,-20,-9,-8,-13,-14,-3,-9,-20,-69,-19,-23,7,6,-24,-24,-20,-25,-12,-22,-21,-26,-27,-26,-11,-6,-9,-20,-17,-12,-18,-28,-30,-29,-15,-25,-30,-25,-23,-12,-17,-10,-5,-20,-21,-19,-19,-20,-16,-15,-20,-20,-12,-12,-24,-21,-24,-18,-14,-30,-18,-22,-5,-30,-29,-25,-27,-11,-21,-7,-9,-22,-25,-24,-21,-21,-11,19,-28,-21,-31,-21,53,-29,-22,-22,-30,-21,-32,-26,-27,-13,-24,-24,-25,-17,-16,-14,-14,-17,-22,-19,-22,-16,-26,-27,-28,-29,-27,-18,-15,-14,-19,-20,-14,-18,-14,12,-15,-16,-30,8,-11,-16,-23,-24,-32,-16,-17,-31,-30,-22,-19,-10,-17,-15,-25,-17,-56,-18,-20,-12,-10,-9,-23,-26,-23,-5,-4,-18,-15,-38,-18,-14,-17,-19,-18,-22,-14,-21,-16,-32,-15,-13,-13,-19,-18,-19,-19,-21,-18,-18,-32,-19,-18,-7,49,-20,-19,-16,-17,-15,-5,-21,-18,-16,-25,-26,-17,-20,-39,-15,-19
11,4,3,-7,-5,-5,1,-19,30,2,-1,-8,23,43,-6,-3,0,14,-15,-4,-8,-8,41,1,21,-4,24,45,-2,6,-2,2,-2,-5,-5,2,-11,-1,-5,9,2,-5,-5,-3,1,5,0,-8,-2,-5,-16,1,11,9,5,1,-8,-8,7,-4,-2,70,2,4,-8,-5,40,-4,-8,-3,9,7,14,2,-5,1,-10,-3,33,0,1,7,-4,13,1,0,5,3,-5,16,-5,-7,-2,1,32,6,-13,-18,-5,4,-5,0,9,2,1,13,2,33,-15,0,-5,-3,28,-4,1,-7,10,21,8,17,-8,-9,4,5,4,4,8,1,40,14,44,37,0,-1,-2,-1,-3,1,5,9,4,-1,-5,0,-9,-17,11,60,23,-7,26,-13,1,-11,7,41,7,44,4,21,4,15,7,19,5,42,15,9,8,1,25,2,1,-8,2,15,-5,12,-1,-1,-2,-6,49,9,11,-7,-12,-11,-5,52,1,-6,16,-10,-13,5,-9,-3,-10,-12,4,34,-6,-7,-4,0,1,3,-4,-16,-6,-9,-13,7,4,-9,0,-5,-3,-8,1,6,10,-21,-16,-10,10,-3,-10,-5,-1,-3,-14,14,-2,12,2,3,11,56,10,14,13,7,4,6,4,1,-1,2,3,12,-3,2,6,4,5,22,-1,1,-5,-5,-4,-3,10,-2,9,6,8,8,2,19,55,151,130,-1,-5,-5,-17,11,7,58,1,74,12,30,-11,-8,0,43,40,22,4,12,12,12,3,15,13,0,-8,2,26,2,52,-16,7,52,50,-10,-10,-10,-6,-4,-6,17,9,-13,-2,-1,0,45,3,-5,0,0,-12,2,7,0,1,21,-7,7,3,-1,10,-5,18,8,13,20,51,-6,42,-13,-5,-3,-2,11,-4,-3,-4,-12,-3,27,31,-10,-14,15,5,25,-11,29,7,-15,23,13,13,10,3,10,6,-2,3,33,-3,-9,2,11,5,88,5,9,6,0,11,-2,-10,10,-4,-13,27,-7,-7,-7,-6,50,-3,-15,4,21,5,-9,1,-14,-8,-4,0,-3,3,3,-9,-26,-4,-7,-1,3,8,8,2,15,0,4,2,0,-5,4,2,3,12,18,-5,-7,-2,-1,6,6,4,51,-9,-2,-15,-12,-3,-4,-12,-6,4,-8,7,2,-3,41,8,2,1,-6,6,39,40,9,0,-17,81,-11,21,1,8,-5,-5,30,5,-1,-26,1,24,-1,0,-5,2,1,5,1,-2,-2,-2,-26,8,11,-4,10,-7,2,-5,-4,-1,5,5,-6,3,4,4,6,3,-6,3,1,-13,-11,-5,-9,9,-1,37,3,16,3,78,36,-3,5,-4,3,26,-8,-6,-2,-9,-1,24,-1,-4,36,-7,1,-2,-1,-10,0,3,38,-2,-5,3,2,-5,7,11,5,-11,24,-13,-14,10,-13,-7,-13,0,-12,-14,-8,-12,-1,63,-10,-10,-11,19,29,-18,52,16,10,1,-1,10,-4,-14,0,56,0,9,27,-6,-15,19,-3,-6,-18,0,2,-5,-3,-4,-11,-11,-2,51,-1,1,3,0,2,0,1,-6,-1,4,6,3,1,5,3,4,5,15,8,-22,-10,-10,5,17,8,3,-4,0,1,0,7,10,-2,9,27,3,60,-4,7,4,-11,-2,-6,-6,-5,18,-2,23,-11,-17,-20,-1,-3,1,-13,-21,37,7,36,64,1,-5,2,-11,-15,-3,-17,-8,-11,16,11,-2,-7,5,-2,2,-7,-13,-2,-2,-6,-6,35,4,3,7,0,0,4,4,-8,-7,-11,-5,-1,-1,-2,-3,1,-10,2,4,9,33,13,22,-4,27,-2,32,11,-13,-4,7,-2,11,13,1,4,0,-3,5,32,40,4,5,8,-14,14,-5,7,6,7,1,4,37,-3,-9,4,36,0,-4,-1,-8,51,-3,-12,-4,-16,-14,-3,-14,73,1,5,16,38,2,-2,-6,-12,21,45,-8,-1,69,-5,13,11,42,-8,10,4,-12,0,2,39,-9,-2,-5,-3,1,-7,-9,-5,-18,-18,51,-10,-3,1,9,0,-5,-13,-1,20,-9,55,22,-6,-13,42,-8,-5,-13,14,-6,-9,3,-14,37,-2,2,-7,18,0,-18,16,8,16,30,66,-20,-14,-5,-15,-4,-2,-1,-5,-15,-6,-6,15,8,-5,8,13,13,-6,-8,-11,8,0,-5,-9,-8,6,2,8,12,-6,0,-5,-6,1,4,5,1,-4,4,5,0,-4,-1,8,9,-4,6,3,17,-6,-6,-3,-4,8,4,15,8,10,-16,-11,33,21,19,37,-19,23,-8,4,59,-6,-1,14,-2,0,47,-3,-13,8,-1,-13,0,1,1,4,5,2,-2,1,-1,42,40,-12,-1,1,1,7,2,19,-2,-6,14,-3,-10,25,21,-14,6,36,8,4,-2,1,-2,6,53,13,16,-8,28,14,-4,-3,25,-14,-6,-6,1,28,7,19,20,21,1,15,14,1,5,11,-7,16,-4,-6,6,-9,14,-6,-2,-5,4,6,7,2,2,3,-3,-1,3,2,-16,-4,1,11,56,0,1,-3,1,-4,14,-1,-4,4,-2,-9,6,-4,10,2,5
19,23,24,11,11,11,19,-16,43,19,17,4,29,55,8,11,12,35,-9,10,7,8,47,13,56,6,29,49,5,20,12,17,13,5,8,17,-5,18,6,27,15,9,8,13,13,23,18,0,14,7,-9,8,30,27,20,11,-5,7,26,11,27,90,15,17,6,10,49,3,8,8,12,21,25,19,9,16,-2,13,41,15,17,23,9,31,19,18,22,21,5,26,4,-3,13,11,43,41,-4,-15,8,20,14,17,30,17,14,26,19,45,-9,16,12,13,37,7,19,7,59,54,25,32,0,-3,21,23,21,18,24,12,74,36,52,56,15,15,14,14,13,18,19,27,19,13,2,12,5,-4,31,69,61,10,51,-4,15,8,24,46,24,54,20,53,24,39,30,52,18,58,39,22,28,14,40,15,15,0,18,32,9,27,11,17,13,-1,57,24,30,8,-2,-1,8,69,20,-3,28,5,-7,18,1,6,-7,-8,16,40,10,10,4,13,19,23,9,-1,7,1,-7,30,27,3,10,2,10,11,20,17,32,-12,-15,-3,31,11,-4,8,13,12,-6,23,14,20,16,20,27,70,31,33,32,25,23,24,21,18,16,19,14,30,7,21,25,22,17,52,15,13,9,10,17,18,28,12,28,30,26,27,21,46,76,283,225,13,6,5,-6,23,31,83,20,79,31,47,3,7,35,78,52,38,10,29,17,20,14,31,42,15,3,16,50,8,63,-11,23,61,59,-2,-2,-2,5,6,4,39,22,-4,13,19,20,52,23,10,15,17,-5,16,25,14,17,32,5,22,23,16,29,0,43,26,25,29,59,9,77,-5,10,12,12,30,7,8,12,-3,10,47,38,-5,-1,17,16,41,0,43,26,-13,38,31,31,28,18,28,25,9,20,40,8,-2,17,32,27,93,26,31,25,12,30,24,1,22,5,-9,39,6,6,6,7,56,6,-13,57,37,18,-3,13,-2,-2,7,15,12,17,19,0,-23,9,4,18,22,25,26,14,36,17,19,16,17,8,20,19,27,28,48,13,6,10,11,24,23,30,90,0,13,-12,-5,13,8,-6,3,14,-4,21,18,14,45,24,14,16,11,23,77,67,17,21,-11,87,4,52,9,40,3,10,37,26,31,-24,18,32,15,16,13,19,17,20,17,15,18,15,-25,29,24,0,24,-3,17,12,14,9,15,23,15,18,18,19,21,20,14,20,19,-2,0,12,3,32,8,45,16,22,21,83,42,10,23,7,19,55,16,7,11,-1,21,30,5,10,42,-4,18,17,16,0,19,22,60,18,15,17,20,7,26,35,19,14,37,-2,7,21,-10,5,-9,11,-6,-8,5,0,12,72,0,4,-7,28,35,-6,62,35,29,21,18,28,9,-6,15,58,15,27,37,22,-11,30,13,0,-13,19,13,8,10,8,3,4,16,60,16,19,20,18,18,15,16,7,12,18,19,16,19,16,13,18,21,35,23,-17,-1,-4,18,25,28,12,7,19,22,14,19,27,5,25,56,21,68,14,22,18,11,12,5,5,6,27,10,57,-2,-10,-14,6,3,11,7,-14,60,25,47,76,21,-2,9,-1,-8,5,-11,2,-1,52,49,13,1,8,15,21,8,-4,16,16,11,12,56,18,17,31,12,11,19,9,3,4,1,8,15,15,14,-1,9,-2,18,21,32,52,36,39,8,34,11,46,24,14,7,10,16,31,20,12,20,15,9,22,68,51,21,31,23,-6,64,2,21,24,20,17,23,46,11,7,21,46,18,2,13,1,56,12,-2,12,0,-8,12,-3,79,16,24,65,47,17,14,22,-9,48,52,-2,17,73,3,38,32,49,1,17,18,-7,38,19,49,3,17,11,12,22,6,4,8,-3,-3,55,-1,13,22,27,12,6,-10,10,34,5,62,36,12,-1,48,2,7,-5,31,7,1,21,-10,47,3,10,-1,34,8,-16,47,29,28,40,87,-16,-5,7,-7,3,15,16,12,-6,10,-3,32,21,7,28,32,21,11,10,3,26,19,14,4,4,21,17,23,26,5,17,6,5,17,20,21,17,8,17,19,19,9,18,28,28,17,27,24,34,13,13,14,15,23,24,32,22,30,-9,-1,60,29,35,75,-13,39,8,23,63,11,16,44,17,18,56,15,-1,25,17,-6,18,16,15,19,20,18,14,18,16,46,68,-4,18,22,11,26,15,45,11,5,37,8,-1,36,50,-12,25,46,24,20,16,23,17,23,76,29,53,3,39,34,7,0,36,-11,4,-2,18,41,21,32,32,53,18,29,28,16,21,13,1,25,6,4,26,2,24,6,5,6,18,20,23,18,18,20,11,16,19,17,-8,9,17,25,62,17,16,7,16,6,25,15,8,19,16,5,24,9,19,15,21
29,46,51,33,30,31,41,50,52,41,40,20,36,60,25,28,29,48,-2,28,26,27,54,25,74,18,36,55,14,38,30,35,31,22,23,35,44,42,21,49,32,26,24,25,27,45,40,11,34,22,19,17,53,50,39,24,24,37,45,29,52,98,31,33,24,28,61,11,27,21,16,39,38,39,28,35,9,33,52,33,38,44,25,50,43,40,44,44,18,37,13,4,31,23,55,48,7,21,25,35,36,39,54,37,30,57,40,59,-2,32,34,33,49,22,42,24,70,85,47,51,26,4,42,45,44,40,45,26,77,52,63,76,34,35,34,33,33,35,38,48,38,30,11,26,22,16,57,80,68,30,70,11,29,11,45,53,45,66,40,94,30,59,53,97,34,78,52,39,41,30,58,31,31,10,38,48,25,39,25,38,32,6,67,42,53,27,11,78,25,73,44,2,41,24,-1,34,28,17,-2,-2,31,47,30,66,14,48,41,48,26,19,24,14,1,59,56,18,22,11,27,34,44,31,59,-1,-13,5,59,29,26,25,30,30,5,31,35,37,31,40,47,73,56,57,56,47,45,47,42,39,36,40,27,52,20,45,48,46,32,63,35,29,27,28,44,44,52,29,53,59,48,50,44,80,102,447,342,30,18,18,8,29,61,89,43,86,56,69,19,26,42,91,67,58,27,50,23,26,28,52,79,34,16,35,59,46,71,-5,44,72,70,8,9,8,20,18,17,55,31,8,31,44,44,61,40,29,33,34,5,32,48,33,36,47,19,42,49,36,53,7,71,49,39,38,72,26,85,6,28,29,30,48,21,23,33,57,27,97,48,20,15,19,25,46,45,53,50,-11,83,52,53,50,36,51,48,24,42,49,20,7,38,58,54,99,51,58,48,26,53,66,14,33,15,-3,45,22,22,22,24,64,20,-10,63,56,37,5,23,14,5,20,34,33,36,38,14,-20,26,16,41,46,46,48,30,63,38,33,33,39,23,41,41,55,48,62,35,21,26,26,46,44,62,101,11,32,-8,3,33,22,6,14,22,7,38,37,34,50,43,39,36,35,43,81,79,27,47,0,93,33,78,19,46,12,28,47,51,45,-13,56,46,35,37,35,40,37,39,37,36,44,45,-23,39,40,16,42,1,37,34,36,46,25,45,41,35,36,37,39,40,38,42,42,11,13,32,18,70,19,55,33,27,44,88,51,25,46,20,38,70,19,23,27,9,49,38,13,26,50,1,41,40,39,12,42,46,73,44,39,39,43,27,50,65,43,30,46,9,30,26,-6,17,-4,25,1,9,20,28,18,84,25,21,-4,32,42,9,74,59,54,34,41,47,23,4,25,60,33,45,50,33,-5,44,60,7,-7,42,27,24,25,23,19,22,38,71,38,43,41,41,38,35,35,23,28,36,28,33,58,32,35,35,42,59,43,-10,9,12,39,33,51,49,21,42,48,31,34,47,14,34,69,44,79,36,35,30,33,27,18,19,19,38,25,78,9,-1,-6,15,11,56,32,-6,85,48,60,87,47,2,18,12,0,16,-3,13,10,61,57,32,22,11,36,44,26,7,38,38,33,34,67,34,34,60,27,24,34,10,17,18,15,25,35,35,34,10,19,7,28,32,60,65,44,49,23,43,32,50,34,26,22,23,38,41,55,26,39,34,24,43,77,65,42,57,41,10,75,11,38,47,37,37,63,57,26,26,42,60,39,12,22,14,62,31,11,32,49,0,31,10,86,35,47,75,58,36,34,45,-6,55,62,14,40,79,21,62,49,60,12,27,35,-1,63,40,61,19,40,30,30,47,22,20,23,15,16,60,9,32,37,33,15,18,-5,23,53,22,70,53,34,14,55,15,22,5,55,24,14,45,-4,51,12,19,8,42,17,-14,53,56,40,66,100,-9,5,23,2,11,35,36,34,6,30,2,53,38,21,54,57,32,32,31,21,49,43,39,20,19,38,36,41,43,19,38,19,28,37,39,41,37,24,33,54,44,25,43,54,52,45,52,49,56,38,37,37,38,41,49,55,39,54,0,36,74,46,55,81,-4,53,29,48,69,40,38,76,40,39,67,37,13,46,39,2,40,34,32,38,38,38,34,38,37,51,80,7,42,49,21,50,32,78,28,18,65,23,21,69,63,4,71,59,44,40,37,50,40,44,81,48,72,15,53,58,20,4,39,18,17,12,40,57,38,64,45,57,30,48,46,35,42,22,12,36,19,17,50,16,36,21,18,22,37,38,42,38,38,41,28,36,39,37,1,24,37,44,69,37,36,19,35,56,41,36,23,38,57,22,47,26,33,31,41
31,51,57,38,34,35,45,51,54,45,44,23,37,61,28,32,32,50,-1,31,29,31,56,28,76,21,37,56,16,41,33,38,35,27,26,39,52,47,28,53,36,30,28,27,30,50,44,14,39,25,25,19,57,55,43,27,25,40,47,33,55,100,34,36,28,32,63,13,31,24,17,43,40,43,32,39,11,37,54,37,42,48,29,54,47,45,48,49,20,39,15,6,35,26,57,49,9,22,28,38,41,43,57,41,33,58,44,62,0,33,38,37,57,25,47,27,73,86,51,55,29,6,47,49,48,44,49,29,78,54,65,77,38,39,38,37,37,38,41,53,41,33,13,28,26,20,60,82,72,31,74,15,30,11,49,54,49,68,44,100,31,63,57,98,37,82,55,42,44,33,61,34,34,12,42,51,29,40,28,43,36,8,69,46,57,31,13,88,28,73,48,3,43,28,0,37,33,19,-1,-1,33,48,34,70,16,52,45,53,29,23,28,17,3,65,62,21,25,13,30,39,45,34,65,1,-12,6,64,32,34,29,34,33,7,33,39,41,34,44,52,74,61,62,61,52,50,52,46,43,40,44,29,57,22,50,53,51,35,65,39,32,31,32,49,50,56,32,58,65,53,55,49,87,107,480,366,34,21,21,10,30,67,91,48,88,62,73,23,30,43,91,71,62,28,55,25,27,31,57,86,38,18,38,61,53,72,-4,48,74,72,10,11,10,22,21,20,56,33,10,34,49,48,62,43,33,37,38,7,35,53,36,40,49,22,45,54,40,58,8,74,54,42,40,74,30,86,8,31,33,33,50,24,25,37,59,30,106,50,21,19,20,27,47,47,55,55,-10,84,57,58,55,40,56,52,27,46,50,23,8,45,63,59,100,56,62,53,29,58,74,17,35,18,-2,47,25,26,25,27,66,23,-9,64,60,47,6,24,17,7,23,37,37,40,42,18,-20,29,17,46,51,51,52,33,68,43,36,37,43,27,45,45,58,52,65,40,25,29,29,50,48,69,103,13,36,-8,5,37,25,10,16,23,12,42,41,38,51,47,49,40,40,47,81,81,29,49,11,95,38,80,22,47,14,32,49,56,46,0,64,67,39,41,40,44,41,43,41,41,49,53,-23,39,43,21,46,1,41,38,40,49,27,49,47,39,40,41,42,44,43,46,47,14,16,36,21,77,21,57,37,28,49,89,52,29,50,23,41,71,20,26,30,11,55,39,15,30,52,2,45,45,43,14,47,51,76,49,44,50,48,34,54,71,52,30,48,10,33,27,16,19,-3,28,3,13,23,34,19,87,26,24,-3,33,44,12,77,63,59,35,45,51,25,6,27,61,36,48,52,35,-4,47,61,9,-6,47,29,27,28,27,23,25,42,74,43,48,46,46,42,39,39,27,31,40,30,36,61,36,44,39,46,64,47,-9,12,15,45,34,56,51,24,46,53,35,37,51,15,35,72,48,81,40,37,35,36,29,21,22,22,40,29,82,11,1,-4,17,12,67,37,-4,86,52,63,89,52,2,20,14,1,18,-2,16,13,63,58,36,26,12,40,49,30,9,43,42,38,38,68,38,37,61,30,27,36,11,20,21,18,29,39,39,38,10,21,9,30,33,62,67,46,51,26,45,36,51,36,29,25,29,43,44,59,27,43,37,27,47,79,67,47,59,45,18,77,13,42,51,41,41,64,59,27,30,46,62,44,15,23,16,64,35,13,36,51,1,35,12,87,38,52,77,60,40,38,58,-5,56,64,22,44,80,27,64,52,62,14,29,38,0,65,44,64,22,45,34,34,52,25,24,26,19,19,61,11,36,39,34,16,21,-5,26,56,25,72,56,39,17,56,17,25,7,68,27,16,49,1,52,16,21,11,42,19,-13,55,61,42,71,102,-8,7,26,7,12,40,40,38,9,34,3,58,41,23,59,62,34,36,36,24,53,48,44,23,22,42,40,45,47,22,43,22,33,41,43,45,42,28,36,63,48,29,48,59,57,50,58,54,61,43,42,41,42,45,54,59,43,59,1,49,77,51,59,82,-3,56,33,52,70,46,42,78,45,44,69,41,15,50,43,4,44,37,35,42,42,42,38,42,41,52,82,9,46,54,23,55,36,85,32,21,71,26,23,80,65,9,76,62,48,44,42,56,44,49,83,52,74,18,55,63,22,6,40,20,20,16,44,60,41,64,46,58,33,51,49,39,46,25,15,39,21,20,55,19,38,24,20,27,41,42,46,43,42,45,31,41,43,41,3,27,41,47,70,42,39,22,38,89,44,40,26,42,60,26,52,30,36,34,45
35,60,68,47,41,42,54,53,58,54,53,29,39,63,35,39,38,54,2,38,37,38,59,34,79,26,40,60,20,48,40,46,42,36,32,46,61,56,42,62,42,37,34,31,36,59,53,18,48,31,36,56,64,64,51,32,31,42,58,41,63,103,40,42,35,39,67,25,39,29,24,50,45,51,39,47,17,45,58,44,52,56,35,62,57,54,57,58,25,44,19,11,43,34,62,52,13,24,35,43,50,52,62,48,40,61,52,68,3,36,47,45,76,30,56,34,77,89,60,63,34,9,55,58,57,53,57,34,79,60,69,78,46,46,46,45,45,44,49,62,49,40,16,34,33,28,63,86,80,34,76,21,33,18,58,57,58,73,52,107,34,71,66,100,40,90,60,49,48,39,69,40,41,16,50,57,36,43,34,51,44,11,73,53,67,38,18,94,35,75,58,5,48,35,3,43,42,23,1,2,38,51,42,76,19,60,54,63,36,31,34,22,9,77,74,28,30,19,37,48,48,39,76,5,-10,10,75,39,51,36,41,40,11,36,47,49,40,53,60,75,71,72,70,61,59,61,54,51,48,52,35,66,27,59,62,60,41,69,47,38,38,39,60,60,66,39,68,76,62,65,59,100,118,546,413,41,26,26,16,33,80,93,57,90,73,82,29,37,46,92,77,70,30,63,27,29,37,67,92,45,24,46,64,67,75,-2,56,78,77,14,15,14,28,26,25,59,37,15,41,59,58,66,50,41,44,44,13,42,62,43,47,55,28,53,63,48,68,11,79,63,51,42,90,37,90,13,39,40,40,54,29,31,50,62,36,110,54,23,25,21,30,53,50,59,64,-5,86,65,67,64,47,65,61,33,55,53,28,12,59,74,70,102,66,70,62,35,67,85,22,39,23,0,49,31,32,32,34,69,30,-8,67,63,59,10,28,23,10,28,45,45,47,50,26,-18,36,20,55,60,59,61,39,79,51,41,44,52,33,54,54,65,60,70,49,31,36,35,59,56,82,108,27,43,-1,8,45,30,15,23,26,25,49,48,47,53,55,60,48,49,55,83,86,33,52,32,97,56,85,26,49,18,39,53,67,53,15,74,71,47,49,49,53,49,50,48,49,59,67,-22,41,50,39,53,3,49,47,49,54,31,58,57,46,47,48,49,53,52,54,56,19,21,44,27,82,53,60,44,30,58,91,56,35,59,28,49,74,21,32,37,15,66,42,18,36,55,3,54,54,52,19,56,60,81,59,54,66,57,48,64,81,62,31,51,13,35,47,31,21,-2,33,10,46,29,45,21,91,28,31,-2,34,47,19,82,73,69,39,53,58,30,10,31,61,43,53,57,39,-2,52,65,12,-4,56,35,33,35,33,29,32,51,78,52,57,54,55,50,46,47,33,37,47,33,43,64,42,49,46,54,71,55,-6,23,36,52,38,65,63,29,55,63,42,43,59,19,37,77,57,85,49,41,40,42,31,27,27,27,45,35,89,16,6,1,21,15,72,47,-1,88,61,68,93,63,4,23,19,5,22,3,20,17,66,61,44,34,18,49,58,37,14,52,51,47,47,69,44,44,64,36,32,40,11,26,27,24,35,47,47,46,12,25,13,34,35,66,70,49,55,32,48,45,53,40,36,31,33,52,48,74,31,51,45,32,56,83,73,55,64,53,33,81,16,49,61,47,49,68,64,30,37,54,67,53,21,27,21,66,43,18,44,56,4,42,18,90,46,61,81,64,47,46,65,-3,59,68,37,54,82,37,68,59,67,19,33,45,2,69,52,69,28,54,42,41,63,32,30,32,26,27,73,16,44,43,37,20,26,-3,31,63,36,75,63,48,23,59,22,31,11,77,34,21,58,12,53,23,25,17,43,23,-3,57,71,47,89,104,0,11,31,24,16,47,48,46,17,42,5,66,48,29,70,71,36,44,45,31,63,58,54,30,29,49,47,52,53,32,51,27,43,49,51,53,50,34,42,69,58,35,57,70,66,61,68,65,69,52,51,50,52,53,64,68,49,69,5,88,82,64,68,85,1,61,41,62,72,57,51,81,54,52,74,50,21,59,52,7,53,44,42,49,50,50,46,50,50,54,87,14,56,64,27,65,42,89,40,26,82,32,45,86,69,22,85,67,56,52,50,67,54,57,85,60,77,23,61,72,28,14,41,29,27,24,53,67,48,66,48,59,39,58,56,47,54,31,24,43,26,25,64,28,43,30,24,37,48,49,54,51,50,55,40,49,51,49,7,33,49,54,73,50,47,27,46,90,52,48,36,49,65,33,61,38,43,41,53
41,74,84,64,53,54,68,56,63,67,67,38,44,65,46,49,48,60,21,48,48,50,63,51,84,33,44,67,28,59,51,57,54,50,42,67,74,70,63,75,51,48,44,39,45,72,66,41,61,41,51,66,74,77,63,44,48,55,77,54,69,108,50,51,46,50,74,47,50,37,50,61,55,64,50,58,26,57,64,55,74,68,45,74,71,67,70,72,33,51,25,17,54,46,69,56,20,33,45,51,63,64,71,60,50,66,65,76,7,40,60,56,83,39,70,44,84,92,73,76,41,18,68,71,70,67,69,43,80,68,74,80,57,58,58,56,56,55,60,73,60,50,21,42,43,40,67,93,91,37,79,37,37,28,70,63,71,80,64,117,38,83,79,104,45,95,68,58,54,49,79,50,51,21,62,67,46,48,42,64,55,15,78,64,80,50,26,103,44,77,72,17,56,46,7,53,53,30,3,5,46,55,54,78,25,71,67,78,46,43,44,30,17,94,91,37,37,28,53,62,52,87,92,12,-7,14,92,50,62,47,51,51,18,41,59,61,65,65,72,77,86,87,85,74,72,75,67,64,60,65,42,79,35,74,76,74,50,75,59,48,48,50,76,76,80,49,83,94,76,79,73,120,133,645,483,51,34,33,24,36,98,97,71,94,90,95,39,48,53,94,86,81,33,76,31,32,45,81,100,57,31,57,70,78,80,8,69,85,84,21,21,20,36,33,32,64,42,34,50,74,73,71,60,52,55,53,31,52,75,54,59,64,37,65,71,61,83,15,86,77,66,45,97,59,94,19,50,51,51,60,38,40,72,66,39,113,59,28,35,48,35,72,55,66,78,20,89,78,81,78,58,79,75,42,68,58,36,32,80,89,86,106,79,82,76,44,81,90,30,45,45,3,54,40,42,42,44,74,45,16,70,68,65,16,35,32,14,36,56,58,58,62,37,-16,46,40,69,74,72,74,49,95,64,48,64,65,42,66,66,74,71,79,62,48,45,44,73,68,102,114,56,54,19,17,57,39,40,46,31,33,60,60,59,56,66,65,60,62,67,85,92,40,56,65,101,68,92,32,53,27,50,59,82,64,38,79,77,59,61,63,65,61,62,60,62,74,72,-22,47,59,52,64,6,61,60,62,63,76,72,73,56,57,59,60,65,67,67,70,27,29,57,36,91,60,66,54,33,72,94,60,44,73,36,61,78,23,41,46,38,83,47,27,46,60,10,67,68,65,26,70,75,89,74,68,78,71,68,78,89,78,44,57,24,37,51,48,25,13,41,30,53,38,62,24,102,32,41,0,37,53,28,89,87,83,45,65,70,37,26,48,63,54,62,64,46,9,61,70,16,0,70,43,43,44,42,39,43,64,85,65,71,67,69,62,58,59,43,47,58,39,53,69,52,75,56,66,76,66,-2,39,53,62,42,76,84,37,69,79,52,52,71,24,45,89,71,91,62,52,48,52,39,35,36,35,52,44,100,23,17,12,28,20,78,62,4,92,75,77,100,78,6,29,27,16,28,17,27,24,71,66,56,48,26,61,72,48,20,66,65,60,60,71,54,54,67,45,46,46,12,34,35,32,45,59,59,59,18,31,22,39,38,72,79,54,60,41,53,57,55,46,51,40,49,65,54,80,35,63,56,48,69,89,81,68,78,64,55,87,23,59,72,58,61,73,71,33,53,67,75,66,29,76,52,70,54,26,55,63,15,54,26,94,57,75,87,71,59,57,71,26,66,73,58,67,85,53,75,69,86,25,39,56,42,76,65,76,40,69,54,52,78,41,40,41,37,38,82,22,55,49,40,27,34,6,38,74,65,80,73,62,39,64,30,40,17,87,44,38,72,28,55,33,30,25,44,29,11,61,87,103,111,107,14,17,39,49,20,59,60,59,38,54,8,79,58,45,85,86,40,57,59,49,76,72,68,40,38,60,59,63,64,50,64,35,57,61,63,65,62,44,51,81,72,45,72,85,81,78,83,80,82,67,65,63,66,64,79,81,64,83,10,92,91,75,82,88,6,70,53,77,75,74,63,85,68,65,80,64,30,71,66,12,66,55,52,61,61,62,58,63,62,60,94,82,70,80,34,80,53,96,56,34,100,41,50,96,79,43,99,74,68,64,63,83,67,70,88,72,82,31,69,87,35,38,42,43,42,36,65,76,58,70,52,62,48,69,67,58,66,52,38,50,34,48,79,42,51,39,31,52,59,60,66,63,62,69,54,61,63,60,12,42,61,65,77,62,59,34,57,93,72,60,52,61,72,43,75,49,54,51,65
43,79,89,70,56,58,72,57,65,71,71,41,45,66,49,53,51,62,29,52,52,54,65,70,85,36,45,69,34,63,54,60,57,54,45,76,78,75,70,80,54,51,48,44,48,77,70,51,65,44,55,70,78,82,66,48,49,58,80,58,71,109,53,55,49,54,77,55,54,40,64,64,58,68,54,62,30,61,66,59,82,72,48,78,75,72,75,76,35,53,27,22,57,50,72,58,22,39,49,54,68,69,73,64,53,68,69,79,31,42,64,60,85,42,74,47,87,94,77,80,43,21,72,75,75,71,73,45,81,71,76,80,61,62,62,60,60,60,63,74,64,54,23,45,47,44,68,95,92,38,79,43,38,29,75,66,75,82,68,120,39,87,83,105,47,97,71,62,57,52,83,53,54,23,66,70,49,55,45,68,59,16,80,68,85,54,28,106,48,77,77,24,58,50,8,56,56,32,4,6,48,57,58,78,27,75,72,83,49,46,48,33,20,100,97,40,40,31,58,67,54,92,98,14,-6,16,97,53,63,51,55,55,20,43,63,65,67,69,76,77,91,91,90,79,77,79,71,68,64,69,45,84,37,78,81,79,53,77,63,51,52,54,81,81,84,53,88,99,80,84,78,127,138,678,507,55,36,36,27,37,104,98,76,96,96,99,43,52,56,94,89,85,34,80,32,33,48,86,102,61,34,60,72,79,81,13,73,87,86,23,23,22,39,36,35,66,59,40,54,79,77,73,63,56,59,57,37,55,80,58,62,67,40,69,74,65,87,16,89,82,71,46,98,66,96,21,53,54,54,62,40,42,79,67,40,114,61,30,38,52,37,80,57,68,83,45,90,82,85,82,63,83,80,45,72,59,38,46,86,94,91,107,83,86,80,46,83,92,33,47,48,4,55,43,45,45,47,75,52,27,71,69,68,17,37,35,16,39,60,62,62,66,41,-16,49,46,74,79,76,79,52,100,69,51,71,69,46,70,71,77,75,82,67,54,48,47,77,73,108,117,60,58,26,21,61,42,41,53,35,34,63,63,63,57,70,66,64,66,71,85,95,42,58,75,103,75,95,35,54,30,53,62,87,68,46,81,79,63,65,67,70,65,66,64,66,79,73,-21,54,62,54,68,6,65,64,67,65,84,76,79,60,61,62,64,69,71,72,74,30,32,61,39,93,63,68,57,34,77,95,62,48,77,39,64,79,23,45,50,40,89,48,30,50,61,33,72,72,69,29,75,80,92,79,73,82,75,75,83,92,83,47,59,30,46,52,50,26,19,44,34,54,41,67,26,108,33,43,1,37,55,35,92,92,88,47,69,74,39,35,58,63,58,65,66,48,22,63,72,19,1,74,46,46,47,45,43,47,69,87,69,76,71,73,66,62,62,46,50,62,41,57,70,56,76,60,70,78,70,1,45,58,66,44,81,91,40,73,84,56,55,75,26,53,92,76,94,67,57,50,55,40,37,38,38,54,47,103,25,21,16,32,22,80,66,6,93,79,79,102,83,6,31,29,20,30,22,30,27,73,67,59,54,29,65,77,52,23,70,69,64,65,71,58,58,68,48,54,48,12,37,38,35,49,63,63,63,20,33,26,41,38,74,95,55,62,44,55,61,56,48,54,43,50,70,56,82,37,67,60,55,73,91,84,72,82,68,62,89,28,63,73,61,65,74,73,34,59,71,78,70,32,80,68,72,58,28,59,66,26,57,28,95,60,80,89,73,62,61,76,39,68,75,63,72,87,59,77,72,93,30,41,59,52,78,69,79,45,73,58,56,83,44,43,44,41,41,83,24,59,51,41,29,36,14,40,78,75,81,76,66,44,65,32,43,19,90,47,44,77,34,61,37,32,27,45,30,18,62,93,116,117,108,22,19,41,57,22,63,64,63,46,58,9,83,62,51,90,91,41,61,64,55,81,77,73,43,41,63,63,66,67,56,68,40,61,65,67,68,66,47,55,83,77,48,77,90,86,83,88,85,87,72,70,67,70,67,84,86,71,88,12,94,93,79,85,89,7,73,57,82,76,80,68,87,73,69,83,68,32,75,70,14,71,59,56,64,65,66,62,67,67,64,97,94,74,86,36,85,56,98,59,37,105,44,51,99,85,50,104,77,72,68,68,88,72,75,90,76,84,41,72,92,38,43,43,43,49,40,70,79,62,71,53,63,51,72,71,62,70,54,42,52,36,58,83,46,53,42,33,57,63,64,70,67,66,73,59,65,67,64,17,45,65,69,78,66,63,37,61,93,82,64,58,65,74,48,80,52,58,54,69
49,93,106,87,68,70,86,61,75,84,85,50,50,69,60,64,61,68,52,62,63,65,69,84,90,43,49,75,52,74,65,71,68,68,54,103,89,89,91,93,63,62,58,59,58,90,83,82,79,54,69,80,88,96,78,59,77,68,87,71,76,114,63,64,60,65,84,73,71,58,78,75,70,80,65,74,39,73,73,70,105,90,58,89,89,85,88,90,43,60,32,44,68,82,79,62,29,56,59,85,81,82,82,76,63,76,81,87,80,74,77,72,92,74,88,65,94,98,90,93,69,31,85,89,88,84,85,54,82,79,81,82,73,74,74,71,72,72,74,79,75,86,28,54,57,56,72,102,96,48,88,63,42,55,87,75,88,90,80,127,43,99,96,108,52,102,79,72,63,61,94,63,64,29,77,80,59,65,54,81,70,21,86,79,99,65,67,115,69,83,91,47,66,61,40,66,66,39,37,22,56,61,70,80,33,86,85,98,59,58,58,40,28,117,114,49,48,40,74,81,58,110,114,21,1,21,113,64,69,62,65,65,26,48,76,77,77,81,88,79,106,106,104,92,90,93,83,80,77,81,56,98,45,93,95,93,62,83,75,60,63,65,97,96,98,63,103,117,94,98,92,147,154,777,578,65,44,44,35,41,122,102,90,100,112,112,51,63,65,96,98,97,37,93,36,36,56,101,110,80,42,71,77,92,89,29,85,92,93,29,29,28,48,43,43,71,68,60,63,94,92,78,74,68,70,66,55,65,94,69,74,75,48,80,82,77,102,44,96,95,87,55,101,88,101,28,64,65,65,68,49,51,101,71,42,117,67,40,48,61,53,103,67,82,97,50,93,95,99,96,84,97,94,55,85,64,61,86,107,110,107,111,95,99,94,55,92,97,45,53,57,7,59,53,55,55,57,80,72,47,75,74,74,26,46,44,20,47,71,75,73,77,52,3,59,58,88,93,89,92,61,116,82,58,91,83,55,83,83,87,87,90,80,72,58,56,91,85,128,123,71,69,47,32,73,50,46,69,49,37,74,75,75,63,82,73,76,77,83,87,101,48,78,94,107,94,102,47,57,39,64,68,102,83,68,86,86,75,78,81,83,77,77,76,79,95,77,13,71,72,60,79,25,77,77,80,75,92,89,94,70,71,73,74,81,86,85,88,39,40,73,48,102,70,74,68,52,91,98,67,57,91,47,76,82,25,54,59,45,105,53,43,60,66,77,85,86,83,62,89,94,100,94,88,95,89,95,97,100,98,54,64,47,54,55,54,52,40,53,45,57,50,84,31,127,37,50,34,53,62,69,99,106,103,53,82,86,47,62,75,65,69,73,74,54,59,72,77,51,4,88,54,56,56,54,53,58,82,94,83,90,84,87,78,74,74,56,60,72,56,71,75,66,78,70,83,84,82,21,61,74,78,61,98,101,48,87,100,66,64,87,31,78,99,89,100,80,72,57,64,46,46,47,46,61,56,114,32,32,27,42,26,86,81,58,97,92,88,108,99,9,36,37,31,36,31,37,34,78,72,71,75,38,78,91,63,42,84,83,77,78,73,68,68,78,57,78,54,22,45,47,44,59,75,75,75,25,39,35,46,41,81,100,60,68,54,60,74,58,54,57,52,52,83,62,89,42,78,71,78,86,97,92,85,106,79,85,96,41,73,77,71,78,80,80,38,75,83,86,83,68,93,73,75,70,36,71,75,61,69,36,99,71,94,95,79,74,73,83,65,75,84,80,85,90,75,84,82,101,71,47,70,58,85,82,86,57,88,70,66,98,54,53,53,52,52,88,31,71,58,45,33,44,38,47,100,105,86,87,80,60,70,40,52,34,100,57,61,91,70,86,48,38,33,53,36,37,66,109,131,132,112,49,32,49,82,27,74,77,76,67,70,12,96,72,66,106,106,44,74,78,74,95,92,88,53,50,74,74,77,77,74,81,65,75,77,79,80,78,57,77,90,92,79,91,106,100,100,104,100,100,86,84,81,84,79,99,99,93,103,17,98,102,90,93,93,40,81,70,96,80,93,81,92,87,82,89,82,63,88,83,58,84,70,66,76,76,78,74,79,79,104,104,103,96,102,69,99,66,104,69,45,122,53,53,109,102,86,110,85,84,80,80,105,86,87,93,88,90,70,80,106,46,47,45,45,75,54,82,89,72,76,63,65,60,81,81,74,82,58,56,59,44,89,98,60,60,51,39,73,74,75,82,79,78,87,73,78,79,76,42,55,78,80,82,79,74,44,72,95,90,76,73,76,82,67,94,65,69,68,81
59,111,122,107,81,136,121,128,119,229,238,73,137,125,76,72,72,82,89,192,98,84,77,126,95,52,54,119,76,95,84,88,85,84,59,168,108,118,132,102,85,96,73,92,254,100,99,292,146,166,119,176,112,130,100,86,107,98,113,82,99,189,95,187,78,112,307,93,172,163,140,92,122,107,84,115,68,89,80,89,123,117,67,101,106,105,114,98,48,72,154,88,202,121,123,75,66,84,74,180,139,176,89,95,70,136,117,104,419,132,108,152,364,110,102,108,178,127,249,264,501,201,295,112,97,109,172,59,85,125,99,96,152,86,86,84,95,146,139,104,88,106,33,65,89,119,83,304,501,161,118,488,481,225,289,433,228,479,94,649,77,115,125,159,89,171,111,83,76,79,126,312,93,70,88,92,70,81,75,115,99,157,91,93,110,104,149,340,125,143,319,96,166,79,163,79,79,46,95,65,80,63,83,90,83,99,122,118,69,68,68,51,55,131,663,56,67,157,104,167,76,171,142,34,87,30,150,82,158,87,80,75,56,55,93,93,100,96,104,132,118,124,141,105,114,103,92,91,91,92,128,110,51,103,442,352,106,199,133,168,104,955,112,109,117,105,118,191,735,112,115,167,166,915,874,84,123,80,165,56,301,2725,209,148,314,483,178,258,306,186,689,715,112,108,42,45,73,140,148,119,91,118,154,111,113,131,366,187,100,35,35,35,52,54,56,111,268,88,93,111,120,122,87,84,82,142,159,75,101,114,111,135,228,96,176,153,112,104,279,183,107,117,133,107,131,99,84,75,73,84,58,58,154,322,124,159,317,64,76,78,77,199,200,222,136,96,117,227,107,117,166,465,159,135,110,104,108,166,167,142,376,183,175,218,194,112,440,111,257,108,71,97,67,64,69,63,470,112,241,258,185,112,90,295,154,74,82,55,84,97,92,100,274,71,72,78,105,105,102,105,74,191,188,98,183,151,155,130,148,116,101,122,124,99,86,64,100,100,240,194,90,95,129,84,101,162,228,91,141,106,88,117,96,101,91,113,120,362,295,120,143,676,150,182,252,153,115,69,96,160,82,77,180,105,99,95,91,90,89,127,89,107,89,91,89,167,87,45,97,135,115,93,194,137,100,244,116,124,102,229,81,267,81,81,95,120,113,123,135,46,84,58,228,94,222,78,124,105,214,157,75,127,58,98,94,107,76,67,149,162,184,83,148,302,107,207,141,105,297,158,106,145,364,124,140,114,108,152,362,214,108,114,65,122,238,68,274,64,61,86,263,137,105,56,375,125,1115,847,118,159,226,313,983,451,221,127,197,731,421,440,143,132,85,116,79,136,81,98,111,206,192,73,65,64,68,76,64,101,99,98,116,107,106,89,85,91,69,68,100,72,116,82,83,108,88,100,92,98,48,125,99,98,100,124,147,54,101,118,95,79,110,112,202,127,107,141,123,135,90,90,67,52,52,53,67,71,185,43,46,44,52,31,116,94,330,109,110,109,169,128,41,42,47,66,114,51,254,55,268,102,113,413,123,96,124,83,119,97,102,124,98,81,77,90,94,83,152,110,146,54,144,54,69,89,87,95,75,48,59,142,77,208,146,104,80,88,68,252,435,64,93,66,72,100,120,174,120,107,140,145,99,110,109,99,129,103,113,119,86,81,118,81,98,90,90,74,101,95,107,132,111,293,81,250,114,236,83,88,147,79,137,202,93,105,156,266,85,94,96,100,108,216,134,104,183,787,115,146,411,131,85,213,175,111,96,643,87,109,218,82,114,65,65,66,65,67,93,38,84,163,64,70,57,69,74,239,274,600,174,487,247,88,101,60,70,188,88,88,190,109,98,136,102,67,61,47,81,110,145,152,184,353,175,68,118,151,89,88,86,86,87,86,27,111,81,96,120,130,73,88,373,130,119,107,106,83,76,175,87,90,90,132,140,124,92,91,264,333,89,75,122,119,120,107,114,126,114,113,116,121,114,97,96,100,125,97,158,115,167,1054,344,1566,131,129,299,171,107,244,99,125,240,155,99,108,97,105,206,162,125,224,110,98,120,79,87,94,87,87,115,123,96,137,147,112,114,195,179,216,145,490,137,170,209,104,69,116,132,119,114,97,106,95,95,117,104,102,99,101,113,252,116,123,53,69,262,106,148,112,94,106,132,634,393,457,256,95,88,123,97,74,134,103,57,119,116,77,101,130,115,101,85,96,128,163,91,107,92,92,91,116,68,67,101,88,101,98,98,91,89,104,105,91,105,92,92,91,109,104,387,118,99
71,136,129,112,83,284,172,138,184,501,600,110,310,254,94,75,74,101,131,485,155,106,89,141,99,53,58,165,93,126,110,107,102,87,60,257,131,160,144,104,122,174,86,142,335,104,103,635,257,368,529,512,122,179,129,90,119,144,143,84,156,330,154,190,101,190,462,105,342,210,287,112,241,148,109,180,117,99,86,112,134,118,68,109,121,124,149,99,48,88,495,150,510,132,130,97,69,91,90,435,182,284,91,118,72,178,182,127,845,214,151,378,645,126,105,133,448,188,553,384,671,232,393,142,99,142,257,61,87,431,129,128,321,89,90,85,127,309,275,162,96,107,34,74,146,195,104,338,648,295,162,826,605,746,810,491,579,838,94,829,100,128,174,169,199,382,162,84,95,101,183,411,121,76,90,102,72,111,110,155,148,173,94,103,112,204,211,746,184,326,347,150,358,100,365,93,91,48,105,71,127,64,87,106,179,109,182,136,72,69,70,57,72,139,1019,59,104,2330,145,311,107,275,177,51,295,41,212,106,200,127,93,76,61,59,112,110,116,100,121,176,124,141,198,107,144,109,97,93,93,96,161,113,52,103,1058,871,162,416,270,450,179,1656,120,110,135,183,128,323,1934,122,141,171,167,1052,1356,107,288,152,575,84,613,3756,507,294,663,1328,440,607,644,349,813,917,182,118,47,64,94,227,238,126,188,214,332,160,138,222,380,204,105,36,39,37,52,62,72,187,379,119,141,114,164,194,99,93,86,233,308,80,102,140,178,288,247,113,374,324,113,117,298,363,118,127,196,112,187,116,110,78,74,113,59,59,229,809,365,266,373,75,122,170,93,229,403,485,196,100,232,410,109,142,360,1042,286,273,143,123,137,292,286,195,559,375,303,414,393,138,914,136,552,155,83,158,77,66,84,65,542,167,293,414,250,230,112,432,174,140,105,56,86,123,117,130,563,72,80,117,115,113,104,114,85,202,260,101,252,297,318,223,275,162,114,171,224,120,128,65,101,103,300,279,112,144,229,98,139,402,418,116,150,177,102,161,123,123,95,167,238,676,390,198,266,772,262,352,464,347,131,95,184,488,103,83,197,122,151,106,96,93,90,200,89,163,91,100,90,281,103,51,130,224,167,106,253,256,127,436,127,165,106,256,85,335,84,82,95,168,155,171,170,48,87,60,237,143,483,78,162,115,236,186,100,178,70,125,146,133,119,71,172,244,441,139,368,723,125,487,239,134,622,271,107,160,915,200,225,150,113,235,864,447,297,261,77,348,391,98,509,77,66,372,371,195,125,69,480,311,1287,1237,162,277,615,728,1467,1203,662,247,462,894,1360,1484,288,264,96,172,83,237,84,132,199,347,429,109,66,65,84,125,65,118,103,99,149,136,124,97,86,108,75,70,149,74,146,91,101,170,107,116,100,115,65,197,215,127,130,155,241,55,102,123,144,92,138,154,368,175,119,213,218,142,133,118,88,54,53,57,70,89,397,57,60,61,60,32,189,101,456,147,129,136,302,166,43,44,58,133,137,85,652,104,567,186,174,539,183,112,168,108,188,106,123,240,117,94,78,121,149,134,169,189,540,58,341,56,71,96,89,119,88,59,97,189,145,353,157,162,100,166,78,537,762,76,167,82,91,115,202,196,186,145,266,246,99,130,133,103,181,134,138,162,100,84,203,83,121,106,103,116,129,96,148,220,145,550,90,267,194,579,92,156,269,81,185,363,126,112,203,327,89,121,106,131,152,309,220,126,361,826,204,320,476,192,110,399,1180,163,107,1121,146,128,509,93,114,70,69,75,67,76,97,43,86,295,82,87,72,100,123,416,643,760,319,1190,443,117,198,61,104,549,163,120,210,117,101,300,173,101,73,62,119,174,191,172,648,532,412,101,260,261,105,98,89,89,92,93,28,115,89,135,129,160,151,95,430,203,152,107,115,129,124,373,99,94,92,239,239,215,100,96,484,446,90,101,126,151,158,113,140,143,116,114,121,142,117,100,97,117,196,119,281,121,317,1628,978,2824,180,199,1089,402,170,567,139,167,585,326,115,137,101,132,482,361,220,457,148,102,180,83,121,114,88,87,214,194,112,177,241,116,120,353,325,461,243,907,301,414,343,232,103,119,169,132,115,113,133,106,104,118,120,114,107,114,169,427,197,133,58,89,296,231,208,193,95,128,232,1515,514,505,598,112,89,206,102,111,218,180,75,141,133,94,221,135,178,136,93,125,205,345,94,123,105,101,97,216,78,76,131,93,141,119,133,101,107,119,129,97,151,101,101,98,122,140,718,173,117
79,156,134,116,84,382,198,141,227,564,837,152,367,341,106,77,76,114,160,668,192,120,97,147,102,53,60,174,105,146,128,120,114,89,60,317,146,182,152,106,147,227,95,176,378,107,106,821,331,480,586,626,126,212,149,93,124,158,152,85,175,425,168,192,117,226,546,113,434,241,385,126,300,175,126,223,150,105,90,127,141,119,68,114,131,136,172,99,48,99,970,191,679,140,134,112,70,96,101,472,194,287,92,133,74,194,200,143,918,280,180,472,711,137,107,149,566,230,731,444,719,253,438,161,100,164,263,63,89,503,149,150,433,92,92,85,148,418,376,201,102,108,35,80,184,222,119,355,709,378,191,1051,688,910,1074,501,642,891,94,950,115,136,206,175,272,522,196,85,108,117,221,456,129,79,90,109,73,134,133,185,181,184,96,109,112,236,253,1019,212,374,367,213,371,113,491,102,99,49,112,206,159,64,89,117,225,115,222,148,73,70,71,60,83,144,1039,60,128,2441,172,407,128,345,200,62,377,49,254,121,229,154,101,77,65,62,124,120,127,102,132,206,128,153,235,108,163,113,99,95,94,98,182,114,54,103,1377,1031,199,561,361,638,228,1681,125,111,147,234,134,412,2646,129,159,174,167,1144,1677,122,399,201,849,103,820,4443,706,392,895,1892,615,1780,804,457,895,1051,332,124,50,76,108,285,298,130,229,255,451,173,161,558,389,215,108,38,41,39,52,67,83,237,452,140,173,116,192,243,108,100,89,267,345,84,103,157,223,390,259,123,506,438,113,126,311,457,121,144,242,116,224,318,128,81,75,132,60,59,278,1083,592,310,411,79,145,199,140,237,421,547,237,103,266,415,110,159,489,1070,370,366,165,136,157,436,366,230,682,603,388,544,566,156,999,152,590,187,91,200,84,68,94,65,589,203,328,461,273,246,127,446,187,184,120,57,87,141,134,150,629,72,85,127,122,118,105,120,93,209,270,103,264,394,421,285,360,193,122,203,290,134,155,65,102,105,308,288,127,176,244,107,165,562,534,138,156,179,110,191,141,168,98,191,300,750,404,251,348,835,305,471,599,403,142,113,243,588,117,87,200,151,264,124,99,95,91,248,90,200,92,105,90,357,113,55,214,236,197,115,292,336,145,459,130,178,108,274,88,341,85,82,95,200,182,203,181,49,89,61,242,175,616,79,185,121,251,205,117,198,77,132,156,142,148,73,186,299,613,176,508,795,137,674,304,153,639,346,108,170,952,225,282,173,117,290,925,529,371,408,86,732,445,118,543,85,70,884,466,219,139,74,549,435,1393,1420,191,355,875,1006,1590,1705,957,327,638,926,1466,1762,385,480,104,194,85,304,86,154,252,412,587,133,67,65,94,158,66,129,106,101,172,156,137,102,86,120,79,72,181,76,211,97,130,215,120,127,105,127,76,245,222,144,137,179,284,56,102,127,177,101,157,182,397,320,127,261,278,147,141,126,105,55,54,59,72,101,538,67,69,72,65,33,232,105,518,177,141,137,352,192,44,45,65,261,153,108,847,136,670,237,217,623,223,123,197,124,234,112,137,300,130,95,78,142,165,160,179,242,635,61,472,57,73,101,91,135,91,66,122,211,193,471,165,260,113,217,84,737,862,84,291,182,102,125,231,208,189,158,350,247,99,144,149,106,189,147,247,191,110,86,259,85,137,116,148,144,148,97,175,280,168,593,96,279,223,972,98,200,353,82,217,431,148,116,213,367,91,139,107,151,182,329,367,140,480,852,263,436,519,232,126,422,1333,197,114,1177,185,140,702,101,115,72,72,81,68,82,100,53,87,352,84,89,82,121,156,439,916,817,416,1494,487,136,291,62,127,575,219,141,214,122,103,332,206,123,96,72,156,194,210,185,689,618,905,122,637,280,127,105,91,91,96,98,29,119,94,160,135,180,186,99,468,252,174,107,120,159,155,505,106,96,94,310,305,276,106,100,494,458,91,119,128,157,164,117,157,155,118,115,124,155,119,101,97,128,244,133,362,125,417,1653,1091,2932,213,245,1428,484,213,738,165,195,799,440,125,156,103,150,666,494,283,612,173,105,220,86,143,127,88,88,279,242,123,185,272,119,124,458,423,545,309,944,411,501,433,264,137,121,193,141,116,123,151,113,111,118,131,122,112,122,206,606,246,139,61,114,319,312,219,251,95,142,299,1602,669,537,798,123,89,254,105,119,265,197,86,156,144,105,234,139,208,161,97,143,256,467,96,133,114,106,100,282,85,82,151,96,168,133,156,108,112,137,161,101,182,107,107,103,130,163,809,209,129
